E2F1-18555785,138,4172,0.39316239316239315,0.08600111314959494,0.3071612800127982,1.4550674101826246E-54,0.0,0.0,OSGEPL1;D4BWG0951E;RFESD;IPP;NUDT6;RPS6KA5;CDK5RAP1;AW209491;SEPHS2;4732466D17RIK;B3BP;CPT1A;IAH1;ENTPD5;OXSM;WDR20A;TMEM80;TFAM;A930041I02RIK;ASF1A;ZFP748;MYNN;PTTG1IP;RDH14;ZRSR1;TRAP1;TMEM86A;CRADD;APOOL;FZD5;TGDS;ADHFE1;SLC33A1;MCAT;CDAN1;FBXL3;SFXN5;BC038156;FBXL6;GBE1;ADK;PCSK7;TFB1M;MRPL35;TMEM186;FARS2;PCMTD2;THTPA;1110032A03RIK;SIP1;SPTLC1;5430437P03RIK;RIOK2;TMED4;COQ10A;C330002I19RIK;PRPF18;UFC1;TLCD1;ATPAF1;NOL7;WDR24;5730403B10RIK;PSMC3IP;EXOSC4;PSMB1;METTL8;SIAE;PMS1;PAIP1;MDH1;2410018G20RIK;GNMT;PSMC6;LYRM5;AI931714;TSR2;NUPL2;TPMT;ORC5L;ZFAND1;AKR7A5;ABHD11;2810432D09RIK;PMPCB;SLC25A40;2610019F03RIK;SLC30A6;UBE2E1;ATAD3A;SMO;ZFP106;ENY2;FECH;BRI3;COX15;1200014M14RIK;2010309E21RIK;TXNDC4;TASP1;HYI;AP4S1;NDUFV1;SAC3D1;ZKSCAN1;TOR1A;ACBD4;LRRC61;DNAJC18;4833426J09RIK;ZCCHC3;1810049H13RIK;MOBKL2B;RABEPK;PITPNC1;DHTKD1;SCRN3;POLI;PGM2;HIBCH;PEX1;D730039F16RIK;DALRD3;GORASP1;CAT;ATP6V1B2;MTFR1;ZFP787;GK5;BPNT1;RBM39;FAHD1;ASCC1;TNFSF5IP1;GSTZ1;RPS6KB1;TOMM70A;RQCD1
CREM-20920259,128,5776,0.3646723646723647,0.11906577889550823,0.24560658577685646,3.232032422894714E-32,0.0,0.0,OSGEPL1;IPP;CISD1;ZDHHC5;WDR89;NUDT6;RPS6KA5;PRKACA;FBXO8;SEPHS2;FBXO9;ENTPD5;WDR20A;ZFYVE20;OVOL1;TMEM80;TFAM;ASF1A;SF1;ZFP748;STXBP2;MYNN;PTTG1IP;ADH5;MYO6;RAB11FIP2;ZRSR1;TRAP1;TMEM86A;AFAP1L1;SLC33A1;AI316807;PAICS;CDAN1;FBXL3;PKIG;ADK;TFB1M;LRRC1;MED14;SPTLC1;1700034H14RIK;RIOK2;CEP68;LYPLA1;NSUN3;WDR34;2210016F16RIK;COQ10A;ITFG1;UFC1;RAB1;ATPAF1;NOL7;5730403B10RIK;MIPOL1;PSMC3IP;ZFP11;MGAT1;SIAE;CD55;PAIP1;MDH1;AGBL3;NUPL2;ORC5L;YARS2;ABHD11;SLC25A40;FKBPL;UBE2E1;LIFR;SMO;ANKRD42;ZFP106;ENY2;FECH;ABHD3;CNO;4932438A13RIK;ATXN2;TASP1;NDUFV1;KLHDC4;ACBD4;LRRC61;IFT122;TIMM44;SLC7A6OS;DMXL1;NAT9;ZCCHC3;MOBKL2B;RABEPK;GPHN;H2AFJ;SCRN3;NEO1;SCYL1;ZFP655;ARHGEF12;VPS13B;SLC25A16;NSMCE4A;GORASP1;C1D;ATP6V1B2;MTFR1;ZFP787;NDUFB6;TM2D2;1110003E01RIK;ZBTB44;GK5;RBM39;TMEM30A;CABLES1;NAP1L1;GSTZ1;SLC25A39;SBK1;RPS6KB1;TOMM70A;DOLPP1;RQCD1;TRIM37;CHPT1;1700001L05RIK
ZFX-18555785,95,3249,0.2706552706552707,0.06697450062872339,0.20368077002654728,7.995241220543562E-32,0.0,0.0,RFESD;IPP;ZDHHC5;FBXO3;AW209491;FBXO8;SEPHS2;FBXO9;OXSM;TMEM80;TFAM;2310026E23RIK;TLN1;ASF1A;SF1;NLRX1;PTTG1IP;ADH5;RDH14;ZRSR1;TRAP1;FZD5;WDR42A;AI316807;PARP16;PAICS;MCAT;LASS2;CDAN1;FBXL3;THTPA;SIP1;SIPA1L1;CEP68;LYPLA1;ITFG1;VAMP8;4933403G14RIK;NOL7;5730403B10RIK;ZFP11;2700038C09RIK;PMS1;PAIP1;MDH1;PSMC6;AGBL3;TSR2;NUPL2;TM7SF3;YARS2;FKBPL;POLRMT;ATAD3A;SMO;ZFP106;0610013E23RIK;ENY2;FECH;BRI3;CNO;GLO1;2010309E21RIK;3110001I20RIK;AP4S1;SAC3D1;ZKSCAN1;DNAJC19;TOR1A;RHBDD3;IFT122;TIMM44;DNAJC18;ACO1;ZCCHC3;2610528K11RIK;SCRN3;POLI;PGM2;SCYL1;GORASP1;MTFR1;RBKS;TM2D2;ACAA1A;ZBTB44;MAT2B;GADD45GIP1;RBM39;FAHD1;NAP1L1;GSTZ1;SLC25A39;RPS6KB1;RQCD1
JARID1A-20064375,76,2171,0.21652421652421652,0.04475273649275422,0.1717714800314623,6.49585086857269E-30,0.0,0.0,CDK5RAP1;ZFYVE20;A930041I02RIK;YME1L1;MYNN;4932432K03RIK;ARSK;TRAP1;2510006D16RIK;AFAP1L1;TGDS;ADHFE1;WDR42A;SLC33A1;ALDH6A1;4933407N01RIK;MTMR14;PHF7;MRPL35;TMEM186;FARS2;1110032A03RIK;SPTLC1;1700023B02RIK;1700034H14RIK;5430437P03RIK;RIOK2;TMED4;CNTD1;NSUN3;LRRC40;RNF167;NOL7;WDR24;ZFP11;EXOSC4;PSMB1;LYRM2;AI931714;TSR2;NUPL2;ORC5L;YARS2;CLCC1;FKBPL;ATAD3A;ANKRD42;COX15;CNO;1200014M14RIK;GLO1;2010309E21RIK;SMYD4;NDUFV1;ZKSCAN1;DNAJC19;KLHDC4;TOR1A;TIMM44;UBOX5;SLC7A6OS;SCRN3;MRPL9;VPS13B;PEX1;SLC25A16;DALRD3;C1D;NDUFB6;GK5;NFS1;TMEM30A;FAHD1;RPS6KB1;TOMM70A;DOLPP1
MYC-18358816,94,3413,0.2678062678062678,0.07035517717631053,0.1974510906299573,1.5484149458459352E-29,0.0,0.0,RFESD;NUDT6;CDK5RAP1;AW209491;FBXO8;SEPHS2;TRIM23;FBXO9;4732466D17RIK;TMEM80;WBSCR18;YME1L1;ADH5;ARSK;AFMID;TRAP1;FZD5;ADHFE1;SLC33A1;AI316807;PAICS;ALDH6A1;FBXL6;ADK;TFB1M;PHF7;THTPA;1110032A03RIK;SIP1;1700034H14RIK;RIOK2;CEP68;LRRC40;WDR34;RNF167;NME7;ZFP148;NOL7;EXOSC4;PSMB1;2410166I05RIK;TSR2;NUPL2;ORC5L;NR3C1;YARS2;3110057O12RIK;ABHD11;NAGLU;2810432D09RIK;SLC25A40;LIFR;KMO;ATAD3A;ZFP106;ENY2;TXNDC4;TASP1;SMYD4;SAC3D1;KLHDC4;RHBDD3;4632404H12RIK;TIMM44;UBOX5;SLC7A6OS;4833426J09RIK;ACO1;1810049H13RIK;RABEPK;H2AFJ;POLI;PGM2;ZFP655;ABHD14A;PEX1;MUT;D730039F16RIK;DALRD3;TMBIM4;RBKS;NDUFB6;ZBTB44;MAT2B;NFS1;RBM39;FAHD1;TNFSF5IP1;GSTZ1;SLC25A39;RPS6KB1;TOMM70A;RQCD1;A230062G08RIK
TRIM28-19339689,84,3072,0.23931623931623933,0.06332584362309579,0.17599039569314354,5.276760144468163E-26,0.0,0.0,OSGEPL1;D4BWG0951E;IPP;KDR;CDK5RAP1;HOXA7;FBXO9;WDR20A;OVOL1;TMEM80;YME1L1;2310026E23RIK;TLN1;ASF1A;SF1;PTTG1IP;ADH5;4932432K03RIK;BC016495;TMEM86A;FZD5;TGDS;ADHFE1;ELL3;LASS2;FBXL6;VLDLR;FARS2;1110032A03RIK;RIOK2;CEP68;LYPLA1;LRRC40;WDR34;ITFG1;4933403G14RIK;RNF167;RAB1;ATPAF1;NOL7;CD55;PMS1;2410166I05RIK;DHRS1;LYRM2;YARS2;AKR7A5;PMPCB;SLC25A40;CLCC1;LIFR;KMO;ATAD3A;SMO;ZFP106;HYI;SAC3D1;KLHDC4;SLC7A6OS;ACO1;FGFR4;ZCCHC3;RABEPK;MRPL9;NEO1;ZFP655;ARHGEF12;SLC25A16;ATP6V1B2;MTFR1;RBKS;TM2D2;ACAA1A;ZBTB44;LRRC8A;BPNT1;RBM39;CABLES1;NAP1L1;TNFSF5IP1;KLF1;GSTZ1;DOLPP1;RQCD1
MYC-19030024,93,3868,0.26495726495726496,0.07973449320772608,0.18522277174953888,5.478337885163899E-25,0.0,0.0,ZDHHC5;NUDT6;CDK5RAP1;AW209491;FBXO8;SEPHS2;TRIM23;TMEM80;YME1L1;UNC119B;MYNN;ADH5;AFMID;TRAP1;CRADD;FZD5;TGDS;ADHFE1;WDR42A;AI316807;PAICS;FBXL3;SFXN5;BC038156;ADK;TFB1M;PHF7;TMEM186;THTPA;1110032A03RIK;1700034H14RIK;5430437P03RIK;RIOK2;CEP68;LRRC40;WDR34;RNF167;UFC1;TLCD1;5730403B10RIK;PSMC3IP;PSMB1;MGAT1;METTL8;2410166I05RIK;LYRM5;TSR2;ORC5L;TM7SF3;YARS2;ABHD11;2810432D09RIK;SLC25A40;SLC30A6;ATAD3A;ANKRD42;ZFP106;0610013E23RIK;ENY2;1200014M14RIK;2010309E21RIK;ATXN2;AP4S1;NDUFV1;ZKSCAN1;CCDC16;KLHDC4;ACBD4;RHBDD3;TIMM44;SLC7A6OS;NXT2;RABEPK;H2AFJ;POLI;MRPL9;HIBCH;ZFP655;PEX1;D730039F16RIK;DALRD3;TMBIM4;MTFR1;MAT2B;NFS1;BPNT1;RBM39;FAHD1;NAP1L1;SLC25A39;TOMM70A;RQCD1;TRIM37
HNF4A-19822575,117,6083,0.3333333333333333,0.12539424048154027,0.20793909285179304,8.490238518961524E-24,0.0,0.0,OSGEPL1;IPP;ZDHHC5;SCP2;CDK5RAP1;SEPHS2;TRIM23;CPT1A;ENTPD5;ZFYVE20;TMEM77;YME1L1;TLN1;HPN;PTTG1IP;KALRN;ARSG;TRAP1;AFAP1L1;CRADD;FZD5;WDR42A;SLC33A1;LASS2;ALDH6A1;PKIG;SFXN5;GBE1;ADK;VLDLR;TFB1M;TMEM186;LRRC1;FARS2;THTPA;SIPA1L1;CEP68;LRRC40;WDR34;PRPF18;NME7;UFC1;NOL7;VWCE;MIPOL1;PSMC3IP;EXOSC4;MGAT1;METTL7A;METTL8;PMS1;DHRS1;FAH;PLEKHA7;ORC5L;SAT2;NR3C1;NAGLU;SLC30A6;ANXA13;LIFR;POLRMT;CACNB4;SMO;COL4A4;GLO1;PROZ;ARHGAP18;CREBL2;ATXN2;TASP1;SMYD4;AP4S1;ZKSCAN1;FN3K;LRRC61;IFT122;UBOX5;DMXL1;ACO1;NAT9;FGFR4;ZCCHC3;MOBKL2B;USP34;RABEPK;GPHN;PITPNC1;SCRN3;GAL3ST2;NEO1;HIBCH;SCYL1;KLF12;ARHGEF12;VPS13B;PEX1;SLC25A16;NSMCE4A;CAT;MTFR1;RBKS;NDUFB6;GK5;LRRC8A;BPNT1;RBM39;RWDD3;CABLES1;TOMM70A;DOLPP1;ASB9;RQCD1;AQP11;TRIM37;CHPT1;ALDH8A1
SRF-21415370,55,1634,0.15669515669515668,0.033683082187545094,0.12301207450761159,7.906662455325917E-21,0.0,0.0,OSGEPL1;RFESD;CISD1;NUDT6;CDK5RAP1;AW209491;FBXO9;OXSM;LIPT1;STXBP2;MYNN;AFMID;TRAP1;TGDS;SLC33A1;PKIG;SFXN5;FBXL6;TFB1M;PCMTD2;THTPA;SIP1;RIOK2;WDR34;EXOSC4;METTL8;SIAE;DHRS1;PLEKHA7;2410012H22RIK;AI931714;TPMT;ORC5L;NAGLU;ZFP106;FECH;ARHGAP18;CREBL2;TASP1;SMYD4;SAC3D1;ZKSCAN1;ACBD4;IFT122;TIMM44;DNAJC18;1810049H13RIK;POLI;ABHD14A;PEX1;ATP6V1B2;MAT2B;NFS1;SRR;RILP
FLI1-21571218,106,5834,0.301994301994302,0.12026138401599637,0.18173291797830562,1.7237795491985134E-19,0.0,0.0,OSGEPL1;ZDHHC5;ZC3H12C;RPS6KA5;SCP2;CDK5RAP1;FBXO8;SEPHS2;CPT1A;OXSM;ZFYVE20;OVOL1;YME1L1;TLN1;ASF1A;LIPT1;STXBP2;HPN;MYNN;PTTG1IP;ADH5;AFAP1L1;CRADD;TGDS;SLC33A1;MCAT;PKIG;GBE1;MTMR14;ADK;TFB1M;LRRC1;FARS2;THTPA;ESM1;MED14;SPTLC1;TMED4;LYPLA1;NSUN3;ITFG1;CLDN10;RNF167;PRPF18;NME7;ATPAF1;NOL7;WDR24;EXOSC4;PSMB1;MGAT1;CD55;PMS1;MDH1;FAH;MPP7;PSMC6;LYRM5;TPMT;ORC5L;TM7SF3;SLC25A40;NUDT12;SLC30A6;POLRMT;ATAD3A;CACNB4;ANKRD42;ENY2;BRI3;CNO;GLO1;ARHGAP18;ATXN2;TASP1;NDUFV1;ZKSCAN1;KLHDC4;TOR1A;LRRC61;IFT122;UBOX5;FGFR4;ZCCHC3;NXT2;DHTKD1;SCRN3;POLI;PGM2;GAL3ST2;HIBCH;TRPC2;VPS13B;PEX1;MUT;TMBIM4;MTFR1;NDUFB6;TM2D2;LRRC8A;RBM39;RWDD3;TMEM30A;CABLES1;GSTZ1;RPS6KB1
ERG-20887958,57,1969,0.1623931623931624,0.04058873245243347,0.12180442994072893,1.231639065433534E-18,0.0,0.0,OSGEPL1;IPP;AW209491;FBXO8;TMEM80;YME1L1;SF1;LIPT1;2700046G09RIK;PTTG1IP;AFMID;MYO6;RDH14;ZRSR1;TMEM86A;PAICS;THTPA;SIPA1L1;5430437P03RIK;LYPLA1;RNF167;NME7;TLCD1;ATPAF1;WDR24;EXOSC4;MGAT1;METTL8;PAIP1;LYRM2;LYRM5;AGBL3;ABHD11;NAGLU;PMPCB;SLC25A40;SLC30A6;SMO;LRRC56;ENY2;4932438A13RIK;SMYD4;AP4S1;ZKSCAN1;IFT122;ACO1;NXT2;H2AFJ;4930432O21RIK;ATP6V1B2;MTFR1;TM2D2;ZBTB44;ASCC1;CABLES1;TOMM70A;TRIM37
POU5F1-18692474,86,4233,0.245014245014245,0.08725855991424625,0.15775568509999877,1.970400109854641E-18,0.0,0.0,D4BWG0951E;RPS6KA5;CDK5RAP1;B3BP;CPT1A;ZFYVE20;TMEM77;TLN1;INTU;ZFP748;MYNN;PTTG1IP;BC016495;2510006D16RIK;FZD5;SLC33A1;AI316807;PARP16;PAICS;FBXL3;FBXL6;ADK;TFB1M;1110032A03RIK;SIP1;1700034H14RIK;CEP68;LYPLA1;CNTD1;LRRC40;WDR34;COQ10A;4933403G14RIK;RAB1;ZFP148;NOL7;2700038C09RIK;EXOSC4;GPR155;2410018G20RIK;FAH;PLEKHA7;TM7SF3;YARS2;ABHD11;2810432D09RIK;PMPCB;SLC25A40;CLCC1;UBE2E1;CACNB4;ENY2;PROZ;ARHGAP18;2010309E21RIK;CREBL2;ATXN2;TXNDC4;NDUFV1;SAC3D1;ZKSCAN1;KLHDC4;ACBD4;LRRC61;DMXL1;FGFR4;ZCCHC3;2610528K11RIK;PITPNC1;H2AFJ;SCYL1;ZFP655;KLF12;ARHGEF12;DALRD3;MTFR1;ZFP650;EI24;ZBTB44;MAT2B;GK5;NFS1;SBK1;ASB9;RQCD1;CLEC2H
SIN3B-21632747,86,4302,0.245014245014245,0.08868091772999938,0.15633332728424565,5.206953754335614E-18,0.0,0.0,RFESD;SCP2;PRKACA;AW209491;FBXO8;HOXA7;TFAM;SF1;LIPT1;2700046G09RIK;INTU;STXBP2;PTTG1IP;ADH5;ZRSR1;AFAP1L1;TCN2;PKIG;SFXN5;ADK;FARS2;THTPA;ESM1;SIPA1L1;SPTLC1;1700034H14RIK;5430437P03RIK;RIOK2;TMED4;NSUN3;LRRC40;WDR34;2210016F16RIK;ITFG1;4933403G14RIK;PRPF18;UFC1;2310068J16RIK;ZFP148;NOL7;WDR24;EXOSC4;MGAT1;SIAE;CD55;1810044D09RIK;LYRM5;AGBL3;TSR2;YARS2;ABHD11;PMPCB;FKBPL;UBE2E1;LIFR;LRRC56;ENY2;CNO;GLO1;NDUFV1;KLHDC4;LRRC61;IFT122;TIMM44;DNAJC18;PITPNC1;DHTKD1;POLI;MRPL9;KLF12;MUT;C1D;ZFP787;EI24;1110003E01RIK;GK5;DDT;LRRC8A;GADD45GIP1;ASCC1;NAP1L1;SLC25A39;SBK1;TOMM70A;RQCD1;AQP11
KDM5B-21448134,77,3724,0.21937321937321938,0.07676609428789347,0.14260712508532591,7.469145844522744E-17,0.0,0.0,CISD1;FBXO3;PRKACA;HOXA7;TRIM23;FBXO9;ZFYVE20;TFAM;YME1L1;TLN1;ASF1A;SF1;MYNN;ADH5;ARSG;TRAP1;APOOL;PAICS;ELL3;FBXL3;MRPL35;SIP1;MED14;RIOK2;CEP68;CNTD1;LRRC40;COQ10A;RAB1;ATPAF1;ZFP148;NOL7;PSMC3IP;PSMB1;MGAT1;MDH1;PSMC6;ORC5L;SAT2;TM7SF3;YARS2;PMPCB;CLCC1;LIFR;ZFP106;GLO1;ATXN2;TASP1;SMYD4;ZKSCAN1;DNAJC19;KLHDC4;SLC7A6OS;DMXL1;RABEPK;PITPNC1;MRPL9;NEO1;ZFP655;MUT;ATP6V1B2;MTFR1;EI24;ZBTB44;MAT2B;GK5;SRR;BPNT1;RBM39;NAP1L1;GSTZ1;SBK1;RPS6KB1;TOMM70A;RQCD1;AQP11;TRIM37
GATA4-21415370,55,2039,0.15669515669515668,0.04203170414957432,0.11466345254558236,1.050184563346952E-16,0.0,0.0,RFESD;CISD1;CDK5RAP1;FBXO8;B3BP;CPT1A;OXSM;NLRX1;MYNN;ADH5;ZRSR1;CRADD;FZD5;SLC33A1;SFXN5;FBXL6;GBE1;ADK;MRPL35;THTPA;SIPA1L1;COQ10A;VAMP8;PRPF18;PLSCR2;UFC1;ZFP11;METTL8;PLEKHA7;PSMC6;NR3C1;YARS2;COL4A4;FECH;CREBL2;ATXN2;TASP1;AP4S1;SAC3D1;ZKSCAN1;RHBDD3;LRRC61;4833426J09RIK;FGFR4;1810049H13RIK;PITPNC1;SCRN3;MRPL9;NEO1;ATP6V1B2;ZFP650;BPNT1;RILP;TOMM70A;RQCD1
ESRRB-18555785,45,1434,0.1282051282051282,0.029560305909999793,0.0986448222951284,4.608256559866846E-16,0.0,0.0,ZDHHC5;CPT1A;TFAM;NLRX1;RDH14;FZD5;AI316807;PARP16;PAICS;CDAN1;SFXN5;PCSK7;SIPA1L1;CEP68;COQ10A;C330002I19RIK;PLSCR2;TLCD1;ATPAF1;5730403B10RIK;2700038C09RIK;MDH1;LYRM5;ABHD11;NUDT12;POLRMT;ATAD3A;ZFP106;AP4S1;NDUFV1;FN3K;4632404H12RIK;TIMM44;ACO1;PGM2;ZFP655;ALDH1A3;ZFP787;MAT2B;NFS1;DDT;FAHD1;TOMM70A;CHPT1;A230062G08RIK
MYCN-18555785,57,2261,0.1623931623931624,0.046607985817649605,0.1157851765755128,4.840252343273137E-16,0.0,0.0,ZDHHC5;PRKACA;FBXO8;SEPHS2;TRIM23;ADH5;2510006D16RIK;SLC33A1;AI316807;PAICS;ALDH6A1;ADK;TFB1M;PHF7;LRRC1;1110032A03RIK;1700023B02RIK;RIOK2;CEP68;LYPLA1;NSUN3;LRRC40;WDR34;RNF167;RAB1;ZFP148;NOL7;5730403B10RIK;EXOSC4;MGAT1;DHRS1;SLC25A40;SLC30A6;COX15;CREBL2;ATXN2;SMYD4;KLHDC4;RHBDD3;4632404H12RIK;TIMM44;SLC7A6OS;NAT9;PITPNC1;MRPL9;ZFP655;SLC25A16;MTFR1;RBKS;ZBTB44;MAT2B;GK5;NFS1;LRRC8A;GADD45GIP1;SLC25A39;RQCD1
TCFAP2C-20176728,62,2667,0.17663817663817663,0.05497722166106656,0.12166095497711008,8.113906842058391E-16,0.0,0.0,OSGEPL1;RPS6KA5;KDR;B3BP;CPT1A;TMEM80;TFAM;A930041I02RIK;STXBP2;PTTG1IP;4932432K03RIK;AFMID;PAICS;LASS2;FBXL3;SFXN5;PCSK7;TFB1M;LRRC1;CEP68;WDR34;UFC1;RAB1;TMEM166;EXOSC4;NPY;MGAT1;2410166I05RIK;FAH;PLEKHA7;GNMT;LYRM2;YARS2;ABHD11;SLC30A6;LIFR;ATAD3A;0610013E23RIK;CNO;GLO1;TXNDC4;ZKSCAN1;ACBD4;RHBDD3;LRRC61;TIMM44;FGFR4;RABEPK;PITPNC1;NEO1;ARHGEF12;ALDH1A3;ZFP787;BPNT1;GADD45GIP1;RBM39;CABLES1;TNFSF5IP1;SLC25A39;RPS6KB1;TOMM70A;A230062G08RIK
PPARG-20887899,73,3565,0.20797720797720798,0.07348848714724496,0.13448872082996302,9.441681849578638E-16,0.0,0.0,D4BWG0951E;RFESD;WDR89;SCP2;KDR;HOXA7;CPT1A;ENTPD5;YME1L1;UNC119B;2700046G09RIK;MYNN;KALRN;ADH5;RDH14;TMEM86A;CRADD;APOOL;ADHFE1;SLC33A1;AI316807;PARP16;PAICS;TCN2;PKIG;MTMR14;TMEM186;SIP1;ESM1;SIPA1L1;1700034H14RIK;RIOK2;LYPLA1;COQ10A;VAMP8;PLSCR2;5730403B10RIK;MIPOL1;MGAT1;MDH1;MPP7;YARS2;3110057O12RIK;ABHD11;PMPCB;FKBPL;SMO;COL4A4;ENY2;CNO;CREBL2;ATXN2;NDUFV1;DNAJC19;ACO1;GYK;PGM2;MRPL9;ZFP655;VPS13B;PEX1;ALDH1A3;TMBIM4;CAT;4930432O21RIK;EI24;1110003E01RIK;ACAA1A;RWDD3;TOMM70A;DOLPP1;RQCD1;1700001L05RIK
TBX5-21415370,54,2296,0.15384615384615385,0.047329471666220035,0.10651668217993382,4.95044274533988E-14,0.0,0.0,OSGEPL1;RFESD;CPT1A;WDR20A;TMEM77;NLRX1;STXBP2;KALRN;ADH5;AFMID;ARSG;TRAP1;LASS2;PCSK7;PHF7;FARS2;SIPA1L1;SPTLC1;LYPLA1;WDR34;ITFG1;C330002I19RIK;PRPF18;WDR24;ZFP11;EXOSC4;METTL8;SIAE;GPR155;PAIP1;AI931714;C330018D20RIK;NR3C1;YARS2;UBE2E1;BRI3;FN3K;ACBD4;TIMM44;SLC7A6OS;1810049H13RIK;PITPNC1;SCRN3;SCYL1;D730039F16RIK;SLC25A16;ALDH1A3;TMBIM4;ATP6V1B2;ZFP787;NDUFB6;GK5;LRRC8A;AQP11
MYC-18555785,38,1200,0.10826210826210826,0.024736657665271795,0.08352545059683647,8.025593353498298E-14,0.0,0.0,RFESD;NUDT6;AW209491;TMEM80;TFAM;YME1L1;SF1;PAICS;MCAT;LASS2;FBXL3;ADK;LRRC40;C330002I19RIK;RAB1;TLCD1;NOL7;EXOSC4;NUPL2;ORC5L;YARS2;ATAD3A;ZFP106;ENY2;AP4S1;SAC3D1;RHBDD3;4833426J09RIK;ZCCHC3;POLI;PEX1;GORASP1;RBM39;FAHD1;TNFSF5IP1;TOMM70A;RQCD1;A230062G08RIK
E2F4-21247883,62,2998,0.17663817663817663,0.06180041640040403,0.11483776023777259,1.3776455411364213E-13,0.0,0.0,CISD1;ZDHHC5;WDR89;ZC3H12C;RPS6KA5;SEPHS2;TMEM80;TMEM77;TFAM;YME1L1;SF1;RAB11FIP2;TGDS;WDR42A;PARP16;ELL3;LASS2;CDAN1;FBXL3;ADK;PCSK7;LRRC40;COQ10A;ITFG1;RNF167;TLCD1;ATPAF1;WDR24;SIAE;CD55;DHRS1;FAH;TM7SF3;YARS2;CLCC1;ATAD3A;LRRC56;COX15;ATXN2;SMYD4;NDUFV1;SAC3D1;KLHDC4;SLC7A6OS;GPHN;DHTKD1;H2AFJ;ARHGEF12;SLC25A16;NSMCE4A;TMBIM4;EI24;ZBTB44;SRR;RWDD3;FAHD1;ASCC1;NAP1L1;GSTZ1;SBK1;AQP11;CHPT1
HOXB4-20404135,46,1824,0.13105413105413105,0.03759971965121313,0.09345441140291792,4.447970503566502E-13,0.0,0.0,RPS6KA5;FBXO8;FBXO9;ENTPD5;ASF1A;SF1;MYNN;4932432K03RIK;MYO6;AI316807;LASS2;4933407N01RIK;PKIG;FARS2;1700034H14RIK;PRPF18;PLSCR2;ZFP148;PSMB1;2410018G20RIK;2410166I05RIK;ORC5L;YARS2;ABHD11;ATAD3A;ZFP106;4732435N03RIK;CNO;1200014M14RIK;GLO1;ARHGAP18;2010309E21RIK;TASP1;AP4S1;4632404H12RIK;RABEPK;PITPNC1;PGM2;HIBCH;4930432O21RIK;SYBL1;TM2D2;MAT2B;LRRC8A;GADD45GIP1;ASCC1
ZFP42-18358816,41,1480,0.1168091168091168,0.03050854445383521,0.0863005723552816,5.291256911811272E-13,0.0,0.0,D4BWG0951E;HOXA7;SEPHS2;FBXO9;ZFYVE20;TMEM80;YME1L1;AFMID;CRADD;TGDS;ADHFE1;1110032A03RIK;1700034H14RIK;CNTD1;WDR34;ITFG1;NME7;UFC1;ATPAF1;2410018G20RIK;2410166I05RIK;LYRM2;LYRM5;TSR2;NR3C1;NAGLU;KMO;CCDC16;RHBDD3;4632404H12RIK;ZCCHC3;RABEPK;H2AFJ;HIBCH;ABHD14A;DALRD3;MTFR1;RBKS;ZBTB44;RBM39;FAHD1
GABP-19822575,55,2639,0.15669515669515668,0.054400032982210224,0.10229512371294647,3.061180144081071E-12,0.0,0.0,RFESD;IPP;CDK5RAP1;TRIM23;ZFYVE20;TFAM;YME1L1;TLN1;PTTG1IP;RDH14;TGDS;WDR42A;SLC33A1;PAICS;MCAT;FBXL6;MTMR14;TFB1M;TMEM186;LRRC1;PCMTD2;THTPA;SPTLC1;ITFG1;PRPF18;UFC1;NOL7;MIPOL1;PSMC3IP;EXOSC4;MGAT1;PMS1;SLC30A6;POLRMT;ATAD3A;COX15;ATXN2;TASP1;ZKSCAN1;KLHDC4;TOR1A;UBOX5;NAT9;RABEPK;SCRN3;POLI;HIBCH;VPS13B;NSMCE4A;DALRD3;MAT2B;ASCC1;TOMM70A;DOLPP1;TRIM37
MYC-19079543,39,1458,0.1111111111111111,0.03005503906330523,0.08105607204780588,5.7031204962498785E-12,0.0,0.0,AW209491;B3BP;ZFYVE20;TMEM80;ARSK;2510006D16RIK;TMEM86A;CRADD;WDR42A;PAICS;FBXL3;1700034H14RIK;WDR34;4933403G14RIK;TLCD1;WDR24;DHRS1;TSR2;ORC5L;TM7SF3;2810432D09RIK;SLC30A6;LIFR;ATAD3A;CACNB4;TASP1;KLHDC4;ACBD4;RHBDD3;SLC7A6OS;H2AFJ;ZFP655;BPNT1;GADD45GIP1;CABLES1;TNFSF5IP1;SLC25A39;RQCD1;TRIM37
KLF4-18555785,52,2444,0.14814814814814814,0.050380326111603556,0.09776782203654458,6.208427050814995E-12,0.0,0.0,RPS6KA5;CDK5RAP1;PRKACA;WDR20A;TMEM77;YME1L1;STXBP2;MYNN;ADH5;AFMID;2510006D16RIK;PAICS;LASS2;ALDH6A1;FBXL3;FBXL6;LRRC1;1110032A03RIK;1700034H14RIK;RIOK2;ITFG1;RNF167;RAB1;5730403B10RIK;METTL8;GPR155;2410018G20RIK;GNMT;2610019F03RIK;SLC30A6;ATAD3A;ANKRD42;ZFP106;ATXN2;SMYD4;ACBD4;LRRC61;SLC7A6OS;4833426J09RIK;ACO1;FGFR4;ZFP655;SLC25A16;ATP6V1B2;MTFR1;1110003E01RIK;ZBTB44;GK5;SRR;LRRC8A;SLC25A39;TOMM70A
CNOT3-19339689,40,1547,0.11396011396011396,0.03188967450681289,0.08207043945330107,8.194461875766416E-12,0.0,0.0,D4BWG0951E;ZDHHC5;FBXO8;SEPHS2;WDR20A;OVOL1;TMEM80;VLDLR;1700034H14RIK;CEP68;LRRC40;ITFG1;NOL7;PAIP1;LYRM2;YARS2;PMPCB;SMO;ZFP106;CREBL2;SMYD4;DNAJC19;KLHDC4;TOR1A;UBOX5;ZCCHC3;RABEPK;H2AFJ;ZFP655;DALRD3;TMBIM4;ATP6V1B2;RBKS;TM2D2;1110003E01RIK;ZBTB44;RBM39;TMEM30A;CABLES1;DOLPP1
SOX2-18692474,62,3319,0.17663817663817663,0.06841747232586423,0.1082207043123124,9.707508604386005E-12,0.0,0.0,D4BWG0951E;FBXO9;B3BP;CPT1A;TMEM77;ZFP748;FZD5;AI316807;PARP16;FBXL3;TFB1M;SIPA1L1;1700034H14RIK;RIOK2;TMED4;CEP68;LYPLA1;LRRC40;WDR34;COQ10A;4933403G14RIK;RNF167;PRPF18;RAB1;ZFP148;EXOSC4;FAH;PLEKHA7;ZFAND1;TM7SF3;YARS2;ABHD11;PMPCB;SLC25A40;CLCC1;UBE2E1;CACNB4;PROZ;2010309E21RIK;ATXN2;TXNDC4;NDUFV1;ZKSCAN1;ACBD4;2610528K11RIK;PITPNC1;H2AFJ;SCYL1;KLF12;ARHGEF12;ABHD14A;DALRD3;MTFR1;EI24;ACAA1A;ZBTB44;MAT2B;DOLPP1;RQCD1;AQP11;CLEC2H;A230062G08RIK
GFI1B-20887958,44,1871,0.12535612535612536,0.03856857207643627,0.0867875532796891,1.4123428801795445E-11,0.0,0.0,IPP;TMEM80;2700046G09RIK;ADH5;MYO6;RDH14;ARSG;BC016495;LASS2;GBE1;ADK;PCSK7;SIPA1L1;RIOK2;LRRC40;RNF167;PLSCR2;RAB1;2310068J16RIK;ATPAF1;ZFP148;NOL7;MGAT1;LYRM2;AGBL3;NAGLU;ATXN2;SMYD4;ACBD4;RHBDD3;LRRC61;MRPL9;HIBCH;ZFP655;PEX1;TMBIM4;ATP6V1B2;TM2D2;ACAA1A;GK5;BPNT1;FAHD1;KLF1;SBK1
RUNX1-21571218,80,5071,0.22792022792022792,0.10453299251716106,0.12338723540306687,2.3770073598826776E-11,0.0,0.0,RFESD;ZDHHC5;ZC3H12C;RPS6KA5;PRKACA;FBXO8;SEPHS2;CPT1A;ENTPD5;ZFYVE20;OVOL1;TLN1;ASF1A;UNC119B;NLRX1;STXBP2;PTTG1IP;TRAP1;CRADD;APOOL;FZD5;PAICS;ELL3;PKIG;SFXN5;MTMR14;ADK;TFB1M;PHF7;TMEM186;FARS2;CEP68;LYPLA1;COQ10A;NME7;NOL7;WDR24;MGAT1;METTL8;CD55;PMS1;MDH1;FAH;MPP7;LYRM5;NR3C1;NAGLU;SLC25A40;CLCC1;UBE2E1;POLRMT;ATAD3A;ENY2;FECH;ABHD3;CNO;ARHGAP18;ATXN2;SAC3D1;ZKSCAN1;KLHDC4;TOR1A;ACBD4;TIMM44;SLC7A6OS;DMXL1;USP34;GPHN;PITPNC1;DHTKD1;POLI;PGM2;KLF12;ARHGEF12;VPS13B;MUT;TMBIM4;CAT;TM2D2;EI24
MITF-21258399,85,5578,0.24216524216524216,0.11498423038073839,0.12718101178450375,2.7105120766367775E-11,0.0,0.0,OSGEPL1;NUDT6;ZC3H12C;RPS6KA5;SEPHS2;CPT1A;TMEM80;LIPT1;PTTG1IP;ARSG;TRAP1;TMEM86A;AFAP1L1;CRADD;ADHFE1;SLC33A1;PARP16;PAICS;LASS2;TCN2;GBE1;MTMR14;ADK;TFB1M;MRPL35;TMEM186;LRRC1;FARS2;PCMTD2;CEP68;WDR34;COQ10A;TLCD1;VWCE;NPY;MGAT1;PAIP1;FAH;PLEKHA7;LYRM2;NOTUM;NUPL2;NAGLU;SLC25A40;CLCC1;ANXA13;ATAD3A;ANKRD42;FECH;BRI3;CNO;PROZ;ARHGAP18;CREBL2;ATXN2;ZKSCAN1;FN3K;KLHDC4;TIMM44;SLC7A6OS;NAT9;FGFR4;ZCCHC3;MOBKL2B;GPHN;PITPNC1;HIBCH;KLF12;VPS13B;SLC25A16;TMBIM4;CAT;ATP6V1B2;EI24;LRRC8A;RBM39;RWDD3;FAHD1;CABLES1;SLC25A39;SBK1;TOMM70A;ASB9;TRIM37;CHPT1
EOMES-20176728,41,1744,0.1168091168091168,0.03595060914019501,0.0808585076689218,7.54608914491337E-11,0.0,0.0,B3BP;TMEM80;MYNN;AFMID;CRADD;PAICS;LASS2;FBXL3;PKIG;PHF7;LRRC1;SIP1;ESM1;2610036D13RIK;RNF167;ZFP148;5730403B10RIK;MGAT1;METTL8;CD55;2410166I05RIK;DHRS1;ORC5L;ZFAND1;SLC30A6;ARHGAP18;CREBL2;FGFR4;MOBKL2B;RABEPK;PEX1;TMBIM4;LRRC8A;GADD45GIP1;RBM39;ASCC1;CABLES1;NAP1L1;TNFSF5IP1;SLC25A39;RQCD1
TAL1-20887958,45,2067,0.1282051282051282,0.04260889282843067,0.08559623537669753,9.433482719948293E-11,0.0,0.0,IPP;AW209491;SEPHS2;CPT1A;TMEM80;LIPT1;RDH14;ZRSR1;PARP16;LASS2;PCSK7;RIOK2;CEP68;VAMP8;NME7;PLSCR2;ATPAF1;ZFP148;WDR24;9230114K14RIK;MGAT1;LYRM2;PSMC6;LYRM5;AKR7A5;ABHD11;SLC30A6;SMO;ENY2;CNO;GLO1;ATXN2;HYI;RHBDD3;DMXL1;DHTKD1;HIBCH;ZFP655;D730039F16RIK;C1D;NDUFB6;TM2D2;ZBTB44;SLC25A39;RQCD1
NR0B1-18358816,40,1691,0.11396011396011396,0.0348580734266455,0.07910204053346846,1.09850926082415E-10,0.0,0.0,D4BWG0951E;CDK5RAP1;SEPHS2;4732466D17RIK;CPT1A;ENTPD5;TMEM77;MYNN;PTTG1IP;AFMID;TRAP1;PARP16;PAICS;ELL3;TCN2;FBXL6;LYPLA1;WDR34;ATPAF1;ZFP148;TMEM166;2700038C09RIK;CD55;LYRM5;ABHD11;SLC25A40;LIFR;KMO;ZFP106;ABHD3;TXNDC4;UBOX5;ACO1;PGM2;ZFP655;DALRD3;NDUFB6;FAHD1;SLC25A39;CHPT1
NKX2-5-21415370,37,1507,0.10541310541310542,0.031065119251303827,0.07434798616180159,2.1441567223164444E-10,0.0,0.0,CDK5RAP1;ASF1A;LIPT1;MYNN;TRAP1;SLC33A1;SFXN5;FBXL6;GBE1;PCMTD2;THTPA;COQ10A;C330002I19RIK;PLSCR2;ZFP148;METTL8;PMS1;2410166I05RIK;PLEKHA7;ORC5L;COL4A4;LRRC56;ARHGAP18;CREBL2;ATXN2;TXNDC4;TASP1;1810049H13RIK;PITPNC1;NEO1;PEX1;SLC25A16;1110003E01RIK;ACAA1A;LRRC8A;RILP;CHPT1
FLI1-20887958,42,2030,0.11965811965811966,0.041846179217084785,0.07781194044103487,1.8459619444285429E-9,0.0,0.0,OSGEPL1;STXBP2;MYNN;PTTG1IP;AFMID;ZRSR1;TMEM86A;PARP16;PAICS;PKIG;PCMTD2;THTPA;5430437P03RIK;RIOK2;RNF167;NME7;PLSCR2;RAB1;WDR24;EXOSC4;METTL8;PAIP1;LYRM2;LYRM5;NAGLU;FKBPL;ENY2;ABHD3;ZKSCAN1;LRRC61;SCRN3;ZFP655;MUT;SLC25A16;DALRD3;TMBIM4;4930432O21RIK;C1D;NDUFB6;FAHD1;RQCD1;ALDH8A1
SOX2-20726797,48,2564,0.13675213675213677,0.05285399187813073,0.08389814487400604,2.7626565274749465E-9,0.0,0.0,FBXO3;HOXA7;OVOL1;TFAM;ASF1A;KALRN;MYO6;TGDS;ELL3;PKIG;GBE1;VLDLR;TFB1M;LRRC1;PCMTD2;SIP1;SIPA1L1;RIOK2;COQ10A;NME7;TLCD1;METTL7A;SIAE;CD55;NOTUM;SAT2;TM7SF3;NR3C1;CLCC1;ANXA13;BRI3;ARHGAP18;TIMM44;DNAJC18;SLC7A6OS;MOBKL2B;PITPNC1;H2AFJ;SCRN3;KLF12;ALDH1A3;TMBIM4;ATP6V1B2;RBKS;SRR;CABLES1;SBK1;ASB9
TCFCP2L1-18555785,41,1987,0.1168091168091168,0.04095978231741255,0.07584933449170425,3.1584706184303367E-9,0.0,0.0,NUDT6;SEPHS2;4732466D17RIK;B3BP;CPT1A;IAH1;ENTPD5;TMEM80;2310026E23RIK;BC016495;ZRSR1;TRAP1;AFAP1L1;ADHFE1;ELL3;FBXL3;ITFG1;RNF167;RAB1;TPMT;ORC5L;YARS2;ENY2;FECH;1200014M14RIK;3110001I20RIK;TOR1A;RHBDD3;LRRC61;ZCCHC3;GPHN;POLI;HIBCH;ZFP655;ARHGEF12;MAT2B;LRRC8A;GSTZ1;SLC25A39;SBK1;CHPT1
FOXA2-19822575,52,2968,0.14814814814814814,0.061181999958772236,0.0869661481893759,5.00831295607022E-9,0.0,0.0,RPS6KA5;CDK5RAP1;SEPHS2;CPT1A;KALRN;ARSG;TRAP1;CRADD;FZD5;WDR42A;LASS2;ALDH6A1;CDAN1;PKIG;SFXN5;GBE1;MTMR14;ADK;LRRC1;FARS2;CEP68;PRPF18;NME7;MIPOL1;PSMB1;PMS1;NAGLU;UBE2E1;LIFR;CACNB4;COL4A4;GLO1;ARHGAP18;CREBL2;TASP1;AP4S1;ZKSCAN1;FN3K;MOBKL2B;USP34;PITPNC1;SCRN3;KLF12;VPS13B;RBKS;EI24;RBM39;TMEM30A;CABLES1;SBK1;TOMM70A;CHPT1
SFPI1-20887958,45,2369,0.1282051282051282,0.04883428500752407,0.07937084319760412,5.9761888217577955E-9,0.0,0.0,PRKACA;AW209491;2700046G09RIK;STXBP2;MYNN;ADH5;MYO6;RDH14;ARSG;LASS2;ADK;VLDLR;PCSK7;FARS2;RIOK2;LRRC40;NME7;TLCD1;ATPAF1;ZFP148;MGAT1;METTL8;SIAE;LYRM2;YARS2;3110057O12RIK;SLC30A6;FKBPL;ARHGAP18;HYI;FN3K;IFT122;PGM2;MRPL9;HIBCH;VPS13B;SLC25A16;4930432O21RIK;ATP6V1B2;TM2D2;GK5;ASCC1;CABLES1;TOMM70A;TRIM37
CCND1-20090754,42,2137,0.11965811965811966,0.04405186452557152,0.07560625513254815,7.872326486459225E-9,0.0,0.0,ZDHHC5;FBXO8;TRIM23;FBXO9;TMEM80;TLN1;SF1;MYNN;ARSK;AFMID;SLC33A1;PAICS;ALDH6A1;SFXN5;TFB1M;PCMTD2;SIP1;1700034H14RIK;RNF167;RAB1;TLCD1;2700038C09RIK;MGAT1;ABHD11;PMPCB;LRRC56;ACBD4;RHBDD3;IFT122;4833426J09RIK;PITPNC1;PGM2;MUT;NDUFB6;ACAA1A;MAT2B;DDT;FAHD1;SBK1;TOMM70A;DOLPP1;RQCD1
PDX1-19855005,22,669,0.06267806267806268,0.013790686648389025,0.048887376029673656,8.68896427640487E-9,0.0,0.0,CPT1A;MYNN;ARSK;AFMID;RDH14;PAICS;ALDH6A1;SFXN5;FBXL6;ADK;RIOK2;NME7;ZFP148;2410166I05RIK;ABHD11;FKBPL;0610013E23RIK;ENY2;IFT122;POLI;MTFR1;RQCD1
THAP11-20581084,25,864,0.07122507122507123,0.01781039351899569,0.05341467770607554,9.766577341154724E-9,0.0,0.0,TRIM23;TLN1;ZFP748;MYNN;ARSK;RDH14;TRAP1;SFXN5;TMED4;CNTD1;COQ10A;RAB1;5730403B10RIK;PSMB1;METTL8;MDH1;ENY2;CREBL2;TXNDC4;NDUFV1;KLHDC4;RHBDD3;DNAJC18;TRPC2;GSTZ1
CREB1-20920259,52,3057,0.14814814814814814,0.06301663540227989,0.08513151274586825,1.3055712562837039E-8,0.0,0.0,OSGEPL1;ZDHHC5;FBXO3;PRKACA;CPT1A;SF1;ZFP748;MYNN;TRAP1;TMEM86A;FZD5;ALDH6A1;FBXL6;SPTLC1;RIOK2;TMED4;RAB1;5730403B10RIK;PSMB1;GPR155;MDH1;FAH;LYRM5;NUPL2;ORC5L;FKBPL;SMO;ENY2;CNO;GLO1;4932438A13RIK;TASP1;SMYD4;NDUFV1;KLHDC4;ACBD4;IFT122;TIMM44;SLC7A6OS;RABEPK;VPS13B;PEX1;SLC25A16;DALRD3;C1D;ZFP787;NDUFB6;GK5;TMEM30A;SLC25A39;DOLPP1;RQCD1
SPI1-20176806,35,1654,0.09971509971509972,0.034095359815299625,0.06561973989980009,2.677501985006851E-8,0.0,0.0,IPP;ZDHHC5;ZC3H12C;KDR;PRKACA;TRIM23;SF1;UNC119B;3110048L19RIK;BC016495;FBXL6;FARS2;SIPA1L1;WDR34;UFC1;RAB1;NOL7;EXOSC4;METTL8;TSR2;C330018D20RIK;NAGLU;2810432D09RIK;FKBPL;ANXA13;ACBD4;RHBDD3;IFT122;SLC7A6OS;H2AFJ;RBKS;1110003E01RIK;NFS1;DEFB29;CHPT1
SOX17-20123909,38,1947,0.10826210826210826,0.040135227061903485,0.06812688120020477,5.136614855132117E-8,0.0,0.0,OSGEPL1;OVOL1;2310026E23RIK;MYNN;CRADD;PARP16;PAICS;PKIG;ADK;TFB1M;MRPL35;LRRC1;PCMTD2;SIPA1L1;1700034H14RIK;TMED4;WDR34;PRPF18;NME7;PLSCR2;UFC1;RAB1;ATPAF1;2410166I05RIK;PMPCB;NUDT12;LIFR;SLC9A6;GLO1;SMYD4;ZKSCAN1;TOR1A;2610528K11RIK;RABEPK;ATP6V1B2;EI24;ZBTB44;A230062G08RIK
REST-19997604,40,2118,0.11396011396011396,0.04366020077920472,0.07029991318090925,5.2600293208258355E-8,0.0,0.0,RPS6KA5;FBXO8;OVOL1;TMEM77;A930041I02RIK;SF1;RAB11FIP2;2510006D16RIK;WDR42A;PKIG;MRPL35;FARS2;5430437P03RIK;TMED4;CEP68;NSUN3;LRRC40;NME7;ATPAF1;PAIP1;NUPL2;NR3C1;CLCC1;UBE2E1;POLRMT;ATXN2;AP4S1;NXT2;GPHN;NEO1;SLC25A16;ATP6V1B2;MTFR1;ACAA1A;RILP;TMEM30A;ASCC1;ASB9;RQCD1;CHPT1
FOXP3-21729870,31,1404,0.08831908831908832,0.028941889468368,0.05937719885072032,7.02615593480785E-8,0.0,0.0,OSGEPL1;NUDT6;SCP2;FBXO8;TRIM23;IAH1;ZFYVE20;ARSK;CRADD;SFXN5;LRRC1;FARS2;PCMTD2;SPTLC1;RIOK2;PRPF18;NME7;WDR24;MDH1;TSR2;FKBPL;ATAD3A;ENY2;GLO1;ACBD4;RHBDD3;UBOX5;NXT2;NDUFB6;LRRC8A;BPNT1
NANOG-18692474,50,3052,0.14245014245014245,0.06291356599534126,0.0795365764548012,8.125765154611126E-8,0.0,0.0,D4BWG0951E;RPS6KA5;FBXO9;B3BP;TMEM77;BC016495;FZD5;PARP16;FBXL6;GBE1;ADK;TFB1M;1700034H14RIK;LYPLA1;COQ10A;4933403G14RIK;RAB1;ZFP148;2700038C09RIK;NPY;PLEKHA7;NUPL2;ZFAND1;TM7SF3;YARS2;ABHD11;PMPCB;SLC25A40;CLCC1;UBE2E1;ATXN2;TXNDC4;NDUFV1;ZKSCAN1;ACBD4;DMXL1;2610528K11RIK;PITPNC1;SCYL1;KLF12;D730039F16RIK;TM2D2;EI24;ZBTB44;BPNT1;SBK1;AQP11;CLEC2H;CHPT1;A230062G08RIK
EGR1-20690147,81,6207,0.23076923076923078,0.12795036177361835,0.10281886899561243,1.0055132781074608E-7,0.0,0.0,RPS6KA5;SCP2;KDR;PRKACA;CPT1A;ZFYVE20;OVOL1;TFAM;SF1;PTTG1IP;TRAP1;ADHFE1;ELL3;FBXL3;PKIG;SFXN5;FBXL6;ADK;LRRC1;FARS2;GYS2;THTPA;TMED4;WDR34;ITFG1;PRPF18;TLCD1;VWCE;EXOSC4;SIAE;GPR155;FAH;PLEKHA7;GNMT;NOTUM;ORC5L;NUDT12;SLC30A6;FKBPL;UBE2E1;LIFR;POLRMT;CACNB4;SMO;ANKRD42;LRRC56;PROZ;CREBL2;ATXN2;TASP1;HYI;KLHDC4;TOR1A;LRRC61;TIMM44;DNAJC18;DMXL1;ACO1;NAT9;FGFR4;USP34;GPHN;POLI;PGM2;SCYL1;KLF12;ARHGEF12;VPS13B;MUT;RBKS;NDUFB6;MAT2B;RILP;RBM39;RWDD3;CABLES1;NAP1L1;KLF1;SLC25A39;SBK1;TRIM37
PPARD-21283829,53,3447,0.150997150997151,0.07105604914349323,0.07994110185365777,2.2835958466258082E-7,0.0,0.0,ZC3H12C;SCP2;ZFYVE20;ASF1A;INTU;STXBP2;ADH5;MYO6;RDH14;CRADD;PAICS;TCN2;GBE1;MRPL35;MED14;SPTLC1;RIOK2;LRRC40;WDR34;COQ10A;CLDN10;NPY;GPR155;PLEKHA7;LYRM2;ORC5L;SAT2;NR3C1;NUDT12;LIFR;CACNB4;LRRC56;ENY2;GLO1;CREBL2;DNAJC19;LRRC61;IFT122;ACO1;ZCCHC3;MOBKL2B;H2AFJ;NEO1;KLF12;ALDH1A3;NSMCE4A;CAT;RBKS;MAT2B;LRRC8A;BPNT1;RWDD3;TRIM37
WT1-20215353,33,1663,0.09401709401709402,0.03428088474778916,0.059736209269304855,2.8591421645646403E-7,0.0,0.0,FBXO3;PRKACA;OVOL1;TRAP1;TMEM86A;VLDLR;WDR34;VAMP8;ZFP148;5730403B10RIK;TMEM166;MGAT1;SIAE;UBE2E1;SMO;BRI3;ARHGAP18;ATXN2;AP4S1;FN3K;ZCCHC3;MOBKL2B;RABEPK;GPHN;PITPNC1;NEO1;ATP6V1B2;1110003E01RIK;MAT2B;RBM39;FAHD1;SLC25A39;AQP11
POU5F1-18347094,38,2109,0.10826210826210826,0.04347467584671518,0.06478743241539309,3.6616161044692106E-7,0.0,0.0,D4BWG0951E;HOXA7;B3BP;2310026E23RIK;TLN1;ASF1A;MYNN;PTTG1IP;BC016495;MCAT;FARS2;SIPA1L1;NSUN3;LRRC40;COQ10A;4933403G14RIK;PSMB1;FAH;PLEKHA7;YARS2;ABHD11;PMPCB;SLC25A40;KMO;CACNB4;ATXN2;ACBD4;RHBDD3;DMXL1;PITPNC1;SCYL1;KLF12;DALRD3;MTFR1;MAT2B;NAP1L1;ASB9;RQCD1
E2F1-21310950,26,1145,0.07407407407407407,0.023602894188946837,0.05047117988512723,4.982985468265959E-7,0.0,0.0,RPS6KA5;FBXO9;ZFYVE20;YME1L1;MYO6;ARSG;FZD5;ELL3;ALDH6A1;SFXN5;LRRC1;SIPA1L1;RIOK2;CEP68;PSMC3IP;DHRS1;NUPL2;FKBPL;UBE2E1;ATAD3A;ABHD3;SAC3D1;SLC7A6OS;POLI;PEX1;KLF1
TET1-21451524,34,1839,0.09686609686609686,0.03790892787202903,0.05895716899406783,8.982341572621822E-7,0.0,0.0,ZDHHC5;ZC3H12C;SCP2;PRKACA;CPT1A;TFAM;TLN1;SF1;NLRX1;3110048L19RIK;STXBP2;AFMID;ZRSR1;CDAN1;GYS2;WDR34;2210016F16RIK;TLCD1;PSMC3IP;EXOSC4;SMO;ANKRD42;4932438A13RIK;RHBDD3;IFT122;SLC7A6OS;ABHD14A;C1D;1110003E01RIK;ACAA1A;ZBTB44;BPNT1;SLC25A39;SBK1
PADI4-21655091,24,1037,0.06837606837606838,0.021376594999072376,0.046999473376996004,1.0020843027022034E-6,0.0,0.0,CISD1;ZDHHC5;TMEM80;TFAM;SF1;ARSK;ALDH6A1;RIOK2;SIAE;ANKRD42;ENY2;NDUFV1;DNAJC19;HIBCH;VPS13B;C1D;MTFR1;NDUFB6;NFS1;TMEM30A;NAP1L1;TOMM70A;RQCD1;TRIM37
ETS1-20019798,31,1607,0.08831908831908832,0.03312650739007648,0.05519258092901184,1.188136959240491E-6,0.0,0.0,WDR89;CDK5RAP1;FBXO9;ZFYVE20;YME1L1;ARSK;RDH14;CRADD;TGDS;WDR42A;SLC33A1;SPTLC1;RIOK2;WDR34;PRPF18;NOL7;WDR24;EXOSC4;SLC30A6;POLRMT;ATAD3A;TXNDC4;NDUFV1;DNAJC19;TOR1A;SLC7A6OS;MRPL9;C1D;RBM39;GSTZ1;RQCD1
TAL1-20566737,34,1875,0.09686609686609686,0.03865102760198718,0.05821506926410968,1.367141166161113E-6,0.0,0.0,RPS6KA5;KDR;FBXO3;PRKACA;CPT1A;ASF1A;ARSG;ZRSR1;CRADD;PARP16;LASS2;ADK;TMEM186;FARS2;SIPA1L1;CEP68;WDR34;CLDN10;PRPF18;GPR155;AI931714;TM7SF3;FECH;CNO;UBOX5;PITPNC1;MRPL9;KLF12;ARHGEF12;CAT;RWDD3;FAHD1;KLF1;AQP11
SETDB1-19884257,39,2353,0.1111111111111111,0.04850446290532044,0.06260664820579066,1.8991589368172575E-6,0.0,0.0,WDR20A;A930041I02RIK;3110048L19RIK;PTTG1IP;ZRSR1;SLC33A1;AI316807;GYS2;4933403G14RIK;RAB1;5730403B10RIK;ZFP11;FAH;LYRM2;NOTUM;NUPL2;NR3C1;SLC25A40;2610019F03RIK;POLRMT;1200014M14RIK;ARHGAP18;2010309E21RIK;CREBL2;3110001I20RIK;AP4S1;ACBD4;RHBDD3;4833426J09RIK;ZCCHC3;SCYL1;ZFP655;VPS13B;ZFP787;NDUFB6;LRRC8A;RILP;FAHD1;KLF1
GABP-17652178,23,1001,0.06552706552706553,0.020634495269114223,0.044892570257951306,1.9008682995715753E-6,0.0,0.0,OSGEPL1;FBXO8;YME1L1;LIPT1;SLC33A1;RNF167;PRPF18;NME7;WDR24;EXOSC4;PSMB1;MDH1;PMPCB;SLC30A6;ANKRD42;TASP1;ZKSCAN1;KLHDC4;SCRN3;VPS13B;DALRD3;TMEM30A;TOMM70A
PHF8-20622854,29,1490,0.08262108262108261,0.030714683267712477,0.05190639935337014,2.24634865557002E-6,0.0,0.0,TFAM;TLN1;AFMID;LASS2;FBXL6;PHF7;TMEM186;NOL7;EXOSC4;CD55;PMS1;PAIP1;NUPL2;CLCC1;GLO1;DNAJC19;KLHDC4;RHBDD3;TIMM44;UBOX5;SLC7A6OS;ZCCHC3;RABEPK;H2AFJ;VPS13B;DALRD3;GORASP1;SRR;RWDD3
KLF4-19030024,29,1502,0.08262108262108261,0.030962049844365194,0.05165903277671742,2.6164042390809343E-6,0.0,0.0,ZDHHC5;SF1;MYNN;ADH5;FZD5;WDR42A;PAICS;LASS2;TCN2;LRRC1;1700034H14RIK;RIOK2;RNF167;UFC1;TLCD1;TMEM166;NPY;CD55;2410166I05RIK;LYRM5;ORC5L;ATAD3A;ZFP655;ABHD14A;MUT;RBM39;SLC25A39;RQCD1;AQP11
HNF4A-19761587,24,1126,0.06837606837606838,0.023211230442580034,0.04516483793348835,3.968450306126216E-6,0.0,0.0,ZDHHC5;NUDT6;CDK5RAP1;TRIM23;WBSCR18;LIPT1;FZD5;PKIG;LRRC1;VAMP8;PSMB1;SAT2;PMPCB;FKBPL;SLC9A6;ARHGAP18;ATXN2;DNAJC19;TIMM44;DMXL1;C1D;TOMM70A;ASB9;RQCD1
MEIS1-20887958,28,1452,0.07977207977207977,0.02993135577497887,0.049840723997100905,4.002490077321676E-6,0.0,0.0,IPP;ZDHHC5;HOXA7;CPT1A;YME1L1;UNC119B;PTTG1IP;BC016495;PARP16;LASS2;PKIG;TMED4;RAB1;SIAE;PAIP1;3110057O12RIK;CREBL2;NDUFV1;TOR1A;PGM2;HIBCH;ZFP655;PEX1;D730039F16RIK;C1D;TM2D2;RWDD3;RQCD1
NRF2-20460467,23,1055,0.06552706552706553,0.021747644864051452,0.043779420663014074,4.42222372558339E-6,0.0,0.0,CPT1A;ENTPD5;ASF1A;PTTG1IP;ZRSR1;APOOL;FBXL3;GBE1;ADK;CEP68;ZFP148;2700038C09RIK;PAIP1;FKBPL;LIFR;ARHGAP18;SCYL1;KLF12;CAT;RBKS;MAT2B;CHPT1;ALDH8A1
NFE2L2-20460467,23,1055,0.06552706552706553,0.021747644864051452,0.043779420663014074,4.42222372558339E-6,0.0,0.0,CPT1A;ENTPD5;ASF1A;PTTG1IP;ZRSR1;APOOL;FBXL3;GBE1;ADK;CEP68;ZFP148;2700038C09RIK;PAIP1;FKBPL;LIFR;ARHGAP18;SCYL1;KLF12;CAT;RBKS;MAT2B;CHPT1;ALDH8A1
GATA1-19941827,32,1834,0.09116809116809117,0.037805858465090394,0.05336223270300078,6.1430728216584615E-6,0.0,0.0,ZDHHC5;KDR;CPT1A;INTU;AFMID;ARSG;BC016495;ZRSR1;CRADD;LASS2;SFXN5;ADK;CEP68;VAMP8;4933403G14RIK;RNF167;TLCD1;FAH;COL4A4;FECH;1200014M14RIK;A530050D06RIK;NAT9;2610528K11RIK;RABEPK;PITPNC1;ZFP655;MTFR1;FAHD1;KLF1;SBK1;ALDH8A1
EST1-17652178,22,1001,0.06267806267806268,0.020634495269114223,0.04204356740894846,6.3203999781288915E-6,0.0,0.0,OSGEPL1;ZDHHC5;FBXO8;TRIM23;YME1L1;SF1;CRADD;THTPA;RIOK2;RNF167;NME7;UFC1;MDH1;FKBPL;ANKRD42;ENY2;TXNDC4;CCDC16;TMBIM4;C1D;SYBL1;TNFSF5IP1
ESR1-17901129,14,444,0.039886039886039885,0.009152563336150563,0.030733476549889324,7.21304444614186E-6,0.0,0.0,SEPHS2;CPT1A;CRADD;PLSCR2;FAH;GNMT;NUDT12;POLRMT;KMO;PROZ;MOBKL2B;ARHGEF12;EI24;RWDD3
CEBPB-20176806,29,1588,0.08262108262108261,0.032734843643709675,0.04988623897737294,7.412054668352188E-6,0.0,0.0,IPP;ZDHHC5;KDR;SF1;ZRSR1;TCN2;FBXL6;PCSK7;MRPL35;4933403G14RIK;RAB1;NOL7;WDR24;EXOSC4;NPY;AGBL3;NR3C1;NAGLU;POLRMT;ANKRD42;ENY2;COX15;ABHD3;ACBD4;D730039F16RIK;RBKS;ACAA1A;NAP1L1;CHPT1
KLF4-18358816,30,1700,0.08547008547008547,0.03504359835913504,0.05042648711095043,9.80420215018936E-6,0.0,0.0,D4BWG0951E;HOXA7;CPT1A;TMEM77;TLN1;STXBP2;ADH5;AFMID;PARP16;1110032A03RIK;WDR34;TLCD1;2700038C09RIK;CD55;ABHD11;SLC25A40;TXNDC4;ACBD4;RHBDD3;LRRC61;H2AFJ;PGM2;ZFP655;DALRD3;TMBIM4;MTFR1;RBKS;ZBTB44;FAHD1;SLC25A39
RCOR3-21632747,42,2851,0.11965811965811966,0.058770175836408235,0.06088794382171143,1.298055980646361E-5,0.0,0.0,D4BWG0951E;CPT1A;WDR20A;OVOL1;UNC119B;INTU;KALRN;AFMID;ZRSR1;FZD5;LASS2;THTPA;ESM1;1700034H14RIK;RIOK2;PRPF18;TLCD1;NOTUM;NUPL2;NAGLU;2610019F03RIK;LIFR;GLO1;ATXN2;TASP1;ACBD4;LRRC61;DNAJC18;FGFR4;ZCCHC3;GPHN;PITPNC1;KLF12;VPS13B;RBKS;ZFP787;1110003E01RIK;RILP;RWDD3;NAP1L1;GSTZ1;SBK1
NANOG-18347094,32,1908,0.09116809116809117,0.03933128568778215,0.05183680548030902,1.3332741197713891E-5,0.0,0.0,D4BWG0951E;HOXA7;B3BP;RAB11FIP2;ELL3;GBE1;ADK;COQ10A;4933403G14RIK;ZFP148;NPY;PSMB1;MPP7;PLEKHA7;YARS2;ABHD11;SLC25A40;FKBPL;ZFP106;ATXN2;DMXL1;NAT9;PITPNC1;KLF12;DALRD3;TM2D2;ACAA1A;MAT2B;FAHD1;SBK1;AQP11;CHPT1
ERG-20517297,22,1062,0.06267806267806268,0.021891942033765537,0.040786120644297146,1.541721890904613E-5,0.0,0.0,SEPHS2;OVOL1;SF1;ARSK;AFAP1L1;GBE1;LYPLA1;TLCD1;MGAT1;PAIP1;DHRS1;PSMC6;ANKRD42;ENY2;TOR1A;UBOX5;ACO1;GPHN;VPS13B;MTFR1;ZBTB44;MAT2B
CTCF-18555785,28,1568,0.07977207977207977,0.032322566015955144,0.04744951375612463,1.5892559852191594E-5,0.0,0.0,FBXO9;CPT1A;A930041I02RIK;ASF1A;PCSK7;THTPA;1110032A03RIK;1700034H14RIK;TMED4;PRPF18;RAB1;TLCD1;PSMC3IP;2700038C09RIK;PSMC6;YARS2;AKR7A5;2810432D09RIK;PMPCB;ANKRD42;4732435N03RIK;COX15;2010309E21RIK;NDUFV1;MOBKL2B;DDT;GADD45GIP1;DEFB29
SETDB1-19884255,33,2020,0.09401709401709402,0.04164004040320752,0.0523770536138865,1.6350686618043012E-5,0.0,0.0,ZDHHC5;SEPHS2;B3BP;OVOL1;WBSCR18;AFMID;TGDS;MCAT;ADK;TMEM186;THTPA;SIP1;COQ10A;RNF167;EXOSC4;PAIP1;PSMC6;TM7SF3;NR3C1;2810432D09RIK;ANKRD42;ZFP106;PROZ;SAC3D1;LRRC61;ZCCHC3;2610528K11RIK;GPHN;H2AFJ;CAT;1110003E01RIK;ZBTB44;GSTZ1
GATA1-21571218,39,2601,0.1111111111111111,0.05361670548947661,0.05749440562163449,1.844470854256035E-5,0.0,0.0,OSGEPL1;ZC3H12C;UNC119B;LIPT1;STXBP2;KALRN;CRADD;PKIG;SFXN5;GYS2;SPTLC1;CLDN10;PRPF18;NME7;VWCE;METTL7A;GPR155;CD55;DHRS1;PSMC6;NR3C1;SLC30A6;FECH;ABHD3;CNO;ARHGAP18;HYI;NDUFV1;DMXL1;PITPNC1;PGM2;ARHGEF12;VPS13B;CAT;C1D;RILP;RBM39;KLF1;CHPT1
NANOG-21062744,19,840,0.05413105413105413,0.017315660365690256,0.03681539376536387,1.8497199988278995E-5,0.0,0.0,WDR20A;TGDS;FBXL3;VLDLR;COQ10A;4933403G14RIK;UFC1;RAB1;MGAT1;METTL8;SIAE;NOTUM;PMPCB;FECH;MTFR1;ZBTB44;MAT2B;SBK1;TOMM70A
SALL4-18804426,21,1006,0.05982905982905983,0.020737564676052853,0.03909149515300698,2.15800754276227E-5,0.0,0.0,B3BP;TMEM77;2310026E23RIK;TLN1;MYO6;PARP16;PAICS;ALDH6A1;PCMTD2;LYPLA1;VAMP8;ANKRD42;LRRC56;CNO;LRRC61;FGFR4;2610528K11RIK;CAT;1110003E01RIK;FAHD1;AQP11
HCFC1-20581084,11,306,0.03133903133903134,0.006307847704644307,0.025031183634387034,2.183485588588721E-5,0.0,0.0,FBXO8;TRIM23;ARSK;CNTD1;NSUN3;RNF167;POLRMT;ENY2;KLHDC4;RBM39;RPS6KB1
SIN3A-21632747,23,1186,0.06552706552706553,0.024448063325843622,0.041079002201221904,2.7132890208192392E-5,0.0,0.0,PRKACA;TRIM23;TFAM;MYNN;AFMID;ZRSR1;FZD5;FARS2;SIP1;WDR34;9230114K14RIK;PSMC6;LYRM5;FKBPL;GLO1;AP4S1;NDUFV1;LRRC61;IFT122;SLC25A16;ATP6V1B2;KLF1;DOLPP1
STAT3-1855785,15,572,0.042735042735042736,0.011791140153779555,0.03094390258126318,2.7964577784338984E-5,0.0,0.0,SCP2;TFAM;ARSK;TRAP1;ADHFE1;PARP16;FBXL6;RIOK2;FAH;ACO1;ARHGEF12;DALRD3;ACAA1A;2610528J11RIK;SBK1
MYC-19915707,42,2979,0.11965811965811966,0.06140875265403723,0.05824936700408243,3.541004481625118E-5,0.0,0.0,IPP;FBXO3;YME1L1;2310026E23RIK;ASF1A;MYNN;PTTG1IP;AFMID;BC016495;TRAP1;SLC33A1;ELL3;SFXN5;SIPA1L1;SPTLC1;RIOK2;LYPLA1;PRPF18;NME7;UFC1;CD55;PLEKHA7;PSMC6;C330018D20RIK;2810432D09RIK;POLRMT;0610013E23RIK;ARHGAP18;3110001I20RIK;TASP1;SAC3D1;KLHDC4;RHBDD3;IFT122;2610528K11RIK;PITPNC1;POLI;GAL3ST2;HIBCH;TM2D2;DDT;DOLPP1
PPARG-19300518,10,272,0.02849002849002849,0.005606975737461607,0.022883052752566885,4.2879593822166895E-5,0.0,0.0,D4BWG0951E;FAH;AKR7A5;SLC9A6;COX15;NDUFV1;ACBD4;PGM2;DOLPP1;CHPT1
YAP1-20516196,35,2329,0.09971509971509972,0.04800972975201501,0.05170536996308471,4.851587895118187E-5,0.0,0.0,PRKACA;FBXO9;ZFYVE20;INTU;PTTG1IP;AFMID;ARSG;CRADD;APOOL;WDR42A;SFXN5;MTMR14;ESM1;SPTLC1;ITFG1;NME7;9030420J04RIK;5730403B10RIK;NPY;PMS1;NUDT12;1200014M14RIK;GLO1;SMYD4;DNAJC19;DMXL1;ACO1;GPHN;PITPNC1;SCYL1;KLF12;ALDH1A3;ATP6V1B2;RPS6KB1;TRIM37
MYC-20876797,25,1406,0.07122507122507123,0.02898311723114345,0.04224195399392777,4.872295813917056E-5,0.0,0.0,KDR;HOXA7;FBXO9;ARSK;RAB11FIP2;TGDS;SFXN5;GBE1;MRPL35;FARS2;NSUN3;TLCD1;PSMB1;FAH;AGBL3;FECH;ARHGAP18;ACO1;USP34;GPHN;POLI;MUT;GORASP1;NAP1L1;TOMM70A
CHD1-19587682,18,843,0.05128205128205128,0.017377502009853434,0.03390454927219785,6.298897447511279E-5,0.0,0.0,RFESD;ZDHHC5;FBXO9;LIPT1;MYNN;MCAT;SIP1;RIOK2;UFC1;YARS2;SLC25A40;ZFP106;MUT;EI24;BPNT1;KLF1;SLC25A39;TRIM37
GATA2-20887958,28,1708,0.07977207977207977,0.03520850941023685,0.04456357036184292,6.877313213708998E-5,0.0,0.0,SEPHS2;WDR20A;PTTG1IP;ZRSR1;CRADD;PARP16;LASS2;CDAN1;PKIG;SIPA1L1;TMED4;CEP68;NSUN3;VAMP8;PLSCR2;METTL8;NR3C1;NAGLU;PMPCB;2610019F03RIK;KMO;GLO1;ARHGAP18;UBOX5;RABEPK;ZFP655;TRPC2;2610528J11RIK
POU5F1-18555785,14,555,0.039886039886039885,0.011440704170188205,0.02844533571585168,7.68935171320411E-5,0.0,0.0,FBXO8;TLN1;ASF1A;TRAP1;PAICS;PHF7;RIOK2;5730403B10RIK;SLC30A6;TIMM44;TMBIM4;ZBTB44;SLC25A39;RPS6KB1
NANOG-16518401,46,3520,0.13105413105413105,0.07256086248479726,0.05849326856933379,8.841185493879983E-5,0.0,0.0,RPS6KA5;FBXO3;OVOL1;2700046G09RIK;PTTG1IP;4932432K03RIK;MYO6;TRAP1;CRADD;FZD5;LASS2;TCN2;FBXL3;ADK;LRRC1;SIPA1L1;LYPLA1;4933403G14RIK;PRPF18;RAB1;ZFP148;5730403B10RIK;PMS1;PLEKHA7;2410012H22RIK;GNMT;NUPL2;ORC5L;ZFAND1;2610019F03RIK;4732435N03RIK;GLO1;TXNDC4;ACBD4;4632404H12RIK;ACO1;MOBKL2B;SCRN3;GYK;POLI;MRPL9;ZFP655;D730039F16RIK;C1D;ASCC1;2610528J11RIK
LMO2-20887958,28,1741,0.07977207977207977,0.03588876749603183,0.04388331227604794,9.444055912057942E-5,0.0,0.0,SEPHS2;FBXO9;CPT1A;LIPT1;2700046G09RIK;PTTG1IP;ZRSR1;CRADD;PARP16;ELL3;LASS2;PKIG;MTMR14;SIPA1L1;CEP68;VAMP8;NME7;PLSCR2;MGAT1;NAGLU;2610019F03RIK;KMO;GLO1;ARHGAP18;UBOX5;ZFP655;2610528J11RIK;RQCD1
EWS-ERG-20517297,20,1038,0.05698005698005698,0.0213972088804601,0.03558284809959688,9.854102029707674E-5,0.0,0.0,NLRX1;ARSG;TGDS;VLDLR;PHF7;MRPL35;ESM1;EXOSC4;AGBL3;ENY2;GLO1;ARHGAP18;SMYD4;VPS13B;NSMCE4A;ATP6V1B2;MTFR1;TM2D2;MAT2B;DOLPP1
SMAD3-18955504,30,1936,0.08547008547008547,0.0399084743666385,0.045561611103446975,1.0129027227745856E-4,0.0,0.0,ZDHHC5;WDR89;HOXA7;OVOL1;TMEM80;WBSCR18;YME1L1;TLN1;SLC33A1;ADK;NSUN3;NME7;TLCD1;VWCE;MIPOL1;CD55;NUPL2;YARS2;ABHD11;LRRC61;IFT122;DNAJC18;MOBKL2B;H2AFJ;HIBCH;VPS13B;RBKS;TM2D2;LRRC8A;GSTZ1
SMAD2-18955504,30,1936,0.08547008547008547,0.0399084743666385,0.045561611103446975,1.0129027227745856E-4,0.0,0.0,ZDHHC5;WDR89;HOXA7;OVOL1;TMEM80;WBSCR18;YME1L1;TLN1;SLC33A1;ADK;NSUN3;NME7;TLCD1;VWCE;MIPOL1;CD55;NUPL2;YARS2;ABHD11;LRRC61;IFT122;DNAJC18;MOBKL2B;H2AFJ;HIBCH;VPS13B;RBKS;TM2D2;LRRC8A;GSTZ1
CUX1-19635798,41,3052,0.1168091168091168,0.06291356599534126,0.05389555081377555,1.242916151309029E-4,0.0,0.0,OSGEPL1;ZDHHC5;NUDT6;SCP2;TFAM;SF1;LIPT1;MYNN;CRADD;SLC33A1;PAICS;ADK;PLSCR2;MIPOL1;NPY;PSMB1;MGAT1;PMS1;MDH1;GNMT;PMPCB;KMO;SMO;SLC9A6;ZFP106;FECH;BRI3;ARHGAP18;TXNDC4;TIMM44;NXT2;MRPL9;HIBCH;MUT;DDT;HSD3B2;NAP1L1;RPS6KB1;TOMM70A;DOLPP1;AQP11
DACH1-20351289,27,1698,0.07692307692307693,0.03500237059635959,0.041920706326717336,1.5076712806638256E-4,0.0,0.0,WDR89;CDK5RAP1;OXSM;TMEM80;TFAM;YME1L1;MYNN;WDR42A;FBXL6;PCMTD2;TMED4;CNTD1;NOL7;PSMC3IP;EXOSC4;YARS2;ABHD3;IFT122;USP34;ARHGEF12;DALRD3;RBKS;NFS1;LRRC8A;RBM39;AQP11;TRIM37
SOX2-21211035,44,3420,0.12535612535612536,0.07049947434602462,0.054856651010100746,1.7903980741080838E-4,0.0,0.0,RPS6KA5;FBXO8;TRIM23;INTU;HPN;KALRN;AFMID;FBXL3;PKIG;SFXN5;GBE1;ADK;GYS2;RIOK2;NSUN3;LRRC40;LRRC44;NME7;PLSCR2;MGAT1;PMS1;TPMT;NR3C1;SLC25A40;NUDT12;CACNB4;SMO;ENY2;TASP1;ACBD4;ACO1;GAL3ST2;NEO1;SCYL1;KLF12;ARHGEF12;VPS13B;MUT;C1D;MAT2B;RWDD3;TMEM30A;HSD3B2;ASB9
YY1-21170310,12,464,0.03418803418803419,0.009564840963905094,0.0246231932241291,1.9810008175680124E-4,0.0,0.0,AW209491;INTU;MYNN;FARS2;1700034H14RIK;UFC1;NR3C1;YARS2;FGFR4;NSMCE4A;GK5;NFS1
TCF3-18347094,32,2221,0.09116809116809117,0.04578343056214054,0.04538466060595063,2.1723284311406143E-4,0.0,0.0,D4BWG0951E;HOXA7;SEPHS2;B3BP;TMEM77;RAB11FIP2;TGDS;THTPA;SIPA1L1;COQ10A;4933403G14RIK;2700038C09RIK;NPY;PLEKHA7;ZFAND1;ABHD11;SLC25A40;KMO;CREBL2;ATXN2;ACBD4;DMXL1;MOBKL2B;PITPNC1;KLF12;ABHD14A;TM2D2;ACAA1A;NAP1L1;2610528J11RIK;SBK1;AQP11
AR-20517297,30,2047,0.08547008547008547,0.042196615200676135,0.043273470269409336,2.590230602797303E-4,0.0,0.0,RPS6KA5;HOXA7;ASF1A;AFAP1L1;FZD5;SLC33A1;PAICS;GBE1;MTMR14;VLDLR;LRRC1;TMED4;GPR155;DHRS1;NUPL2;TM7SF3;LIFR;SLC9A6;ANKRD42;ENY2;DNAJC19;MOBKL2B;H2AFJ;PGM2;HIBCH;PEX1;MTFR1;ZBTB44;HSD3B2;DOLPP1
JUN-21703547,25,1585,0.07122507122507123,0.032673001999546494,0.03855206922552473,2.9746652300224885E-4,0.0,0.0,RPS6KA5;FBXO9;CPT1A;STXBP2;KALRN;MYO6;TGDS;ADK;VLDLR;ESM1;NPY;TPMT;SLC25A40;NUDT12;UBE2E1;BRI3;ABHD3;GLO1;AP4S1;NDUFV1;SCYL1;C1D;TMEM30A;SBK1;ALDH8A1
MEF2A-21415370,19,1048,0.05413105413105413,0.021603347694337367,0.03252770643671676,3.0908261952501085E-4,0.0,0.0,KALRN;TRAP1;WDR42A;SLC33A1;GBE1;ADK;RIOK2;4933403G14RIK;UFC1;EXOSC4;METTL8;LIFR;COL4A4;ATXN2;KLHDC4;LRRC61;4833426J09RIK;PEX1;SLC25A16
NANOG-18358816,21,1232,0.05982905982905983,0.02539630186967904,0.03443275795938079,3.3819955585281204E-4,0.0,0.0,D4BWG0951E;TRIM23;WBSCR18;TRAP1;VLDLR;CNTD1;4933403G14RIK;TLCD1;ZFP148;LYRM5;NR3C1;YARS2;ABHD11;PMPCB;SLC25A40;KMO;TXNDC4;CCDC16;EI24;ZBTB44;AQP11
CDX2-20551321,12,504,0.03418803418803419,0.010389396219414154,0.023798637968620036,4.0933328526373603E-4,0.0,0.0,CDK5RAP1;FBXO3;FZD5;PKIG;NSUN3;NR3C1;ABHD11;ZKSCAN1;FGFR4;ARHGEF12;SLC25A16;ASCC1
CTNNB1-20460455,18,988,0.05128205128205128,0.020366514811073776,0.030915536470977504,4.182288662586308E-4,0.0,0.0,ZFYVE20;ARSG;ADK;FARS2;LRRC40;ITFG1;UFC1;PSMC3IP;MPP7;ANXA13;FECH;COX15;KLHDC4;SLC7A6OS;GPHN;PITPNC1;ZBTB44;ASCC1
FOXP2-21765815,20,1164,0.05698005698005698,0.02399455793531364,0.03298549904474334,4.2251254145768847E-4,0.0,0.0,SF1;MYNN;PTTG1IP;SLC33A1;PKIG;4933403G14RIK;ZFP148;SIAE;CLCC1;FECH;2010309E21RIK;HYI;DNAJC18;4833426J09RIK;MOBKL2B;GPHN;PITPNC1;MAT2B;FAHD1;DOLPP1
RUNX1-17652178,18,1003,0.05128205128205128,0.020675723031889675,0.030606328250161605,4.967861734621329E-4,0.0,0.0,PRKACA;FBXO8;ZFYVE20;TLN1;SF1;LRRC1;RIOK2;CEP68;CLDN10;VWCE;SLC30A6;ARHGAP18;MOBKL2B;POLI;KLF12;ARHGEF12;NDUFB6;MAT2B
RAD21-21589869,29,2036,0.08262108262108261,0.04196986250541115,0.04065122011567147,5.14032438169754E-4,0.0,0.0,CISD1;TLN1;HPN;AFMID;LASS2;ADK;THTPA;MED14;TMED4;TLCD1;5730403B10RIK;SIAE;AGBL3;NOTUM;NUPL2;YARS2;NAGLU;2810432D09RIK;PMPCB;CNO;GLO1;CREBL2;ACBD4;NAT9;POLI;NEO1;CAT;ZFP787;ZBTB44
TFAP2C-20629094,20,1203,0.05698005698005698,0.024798499309434972,0.03218155767062201,6.313637811100793E-4,0.0,0.0,PTTG1IP;KALRN;ARSG;NME7;CD55;PLEKHA7;NUPL2;NR3C1;UBE2E1;KMO;BRI3;TASP1;ZKSCAN1;FGFR4;GAL3ST2;HIBCH;LRRC8A;ASCC1;CABLES1;CHPT1
NACC1-18358816,15,769,0.042735042735042736,0.015852074787161673,0.026882967947881063,6.359529803337646E-4,0.0,0.0,TMEM77;ADH5;PAICS;LRRC40;4933403G14RIK;TLCD1;ZFP148;METTL7A;TM7SF3;NR3C1;PMPCB;LIFR;ACBD4;PEX1;ZBTB44
SOX2-18358816,15,785,0.042735042735042736,0.016181896889365298,0.026553145845677438,7.794992419520112E-4,0.0,0.0,D4BWG0951E;CDK5RAP1;CPT1A;TMED4;LRRC40;4933403G14RIK;ZFP148;2700038C09RIK;PLEKHA7;LYRM5;ABHD11;PMPCB;SLC25A40;DALRD3;TMBIM4
CREB1-15753290,17,957,0.04843304843304843,0.019727484488054257,0.028705563944994173,7.884049451777295E-4,0.0,0.0,RPS6KA5;FBXO8;TLN1;MYNN;ADK;PSMB1;PMS1;MDH1;ORC5L;NDUFV1;TIMM44;MUT;C1D;NDUFB6;NFS1;TOMM70A;RQCD1
POU3F2-20337985,25,1702,0.07122507122507123,0.035084826121910495,0.03614024510316073,8.152607147565787E-4,0.0,0.0,OSGEPL1;RFESD;NUDT6;FBXO8;TFAM;INTU;MYO6;RAB11FIP2;TFB1M;FARS2;GYS2;ESM1;PLSCR2;MIPOL1;TMEM166;PSMC6;LYRM5;NR3C1;ZFP106;ABHD3;NEO1;KLF12;PEX1;MAT2B;ALDH8A1
KDM6A-18722178,11,479,0.03133903133903134,0.009874049184720991,0.02146498215431035,9.388832426370765E-4,0.0,0.0,WBSCR18;LIPT1;MYNN;WDR42A;VLDLR;MDH1;SLC7A6OS;NXT2;MRPL9;MUT;TOMM70A
TBX3-20139965,18,1068,0.05128205128205128,0.022015625322091895,0.029266425959959385,0.001002397648252393,0.0,0.0,FBXO8;OVOL1;ARSK;GBE1;ADK;FARS2;PMS1;NUPL2;SLC25A40;LIFR;4732435N03RIK;CREBL2;IFT122;DNAJC18;MOBKL2B;SLC25A16;ZBTB44;FAHD1
PRDM14-21183938,27,1944,0.07692307692307693,0.040073385417740304,0.036849691505336624,0.0011469480865763828,0.0,0.0,RPS6KA5;KDR;OVOL1;2700046G09RIK;INTU;RDH14;PARP16;MED14;CEP68;4933403G14RIK;PRPF18;RAB1;PMS1;LYRM2;LYRM5;YARS2;ABHD11;PMPCB;LIFR;AP4S1;DNAJC18;FGFR4;PITPNC1;1110003E01RIK;BPNT1;SBK1;AQP11
POU5F1-18358816,14,753,0.039886039886039885,0.01552225268495805,0.024363787201081837,0.0014831333540745286,0.0,0.0,RFESD;CDK5RAP1;BC016495;LRRC1;4933403G14RIK;PLEKHA7;PMPCB;SLC25A40;PITPNC1;ZFP655;PEX1;MTFR1;RBKS;EI24
SMARCA4-20176728,18,1118,0.05128205128205128,0.02304631939147822,0.02823573189057306,0.0016449387431426126,0.0,0.0,NUDT6;RPS6KA5;UBIE;AFMID;LASS2;LRRC1;SIPA1L1;5730403B10RIK;NPY;METTL8;PLEKHA7;SMO;GLO1;TXNDC4;TMBIM4;NFS1;ASCC1;RQCD1
ZFP281-18757296,27,2004,0.07692307692307693,0.0413102183010039,0.03561285862207303,0.0017560122034243702,0.0,0.0,PRKACA;TLN1;SF1;STXBP2;ADH5;AFMID;WDR42A;PAICS;PCMTD2;VAMP8;RAB1;2700038C09RIK;MGAT1;FAH;GNMT;SLC9A6;ATXN2;AP4S1;TIMM44;ZCCHC3;PITPNC1;NEO1;GORASP1;9630013D21RIK;2610528J11RIK;SBK1;AQP11
TFAP2A-17053090,26,1904,0.07407407407407407,0.03924883016223125,0.03482524391184282,0.0017753705550862607,0.0,0.0,SEPHS2;PTTG1IP;TGDS;PARP16;ALDH6A1;PKIG;PCSK7;TLCD1;DHRS1;PLEKHA7;PSMC6;YARS2;NAGLU;ZFP106;ABHD3;ATXN2;SMYD4;KLHDC4;UBOX5;SCYL1;SYBL1;EI24;DDT;CABLES1;KLF1;ASB9
REST-21632747,30,2339,0.08547008547008547,0.04821586856589227,0.0372542169041932,0.002066050356495798,0.0,0.0,CISD1;CRADD;SFXN5;SIPA1L1;1700034H14RIK;RIOK2;CEP68;WDR34;RNF167;NME7;PSMB1;UBE2E1;CACNB4;ANKRD42;CNO;LRRC61;DNAJC18;FGFR4;GPHN;NEO1;ARHGEF12;1700123L14RIK;C1D;ATP6V1B2;ZFP787;1110003E01RIK;MAT2B;RWDD3;SBK1;AQP11
KLF1-20508144,18,1144,0.05128205128205128,0.02358228030755911,0.02769977097449217,0.0020984575867807067,0.0,0.0,AW209491;TRIM23;2700046G09RIK;INTU;KALRN;PARP16;C330018D20RIK;CACNB4;COX15;CNO;FN3K;1810049H13RIK;RABEPK;PITPNC1;CAT;MTFR1;ASCC1;KLF1
NANOG-18555785,11,542,0.03133903133903134,0.01117272371214776,0.02016630762688358,0.0024234078315709725,0.0,0.0,WBSCR18;TRAP1;CRADD;COQ10A;ZFP148;ZFP106;TOR1A;4833426J09RIK;H2AFJ;GYK;CHPT1
HIF1A-21447827,8,321,0.022792022792022793,0.006617055925460205,0.016174966866562588,0.0028048863261856487,0.0,0.0,WDR89;OXSM;GBE1;UBE2E1;KLHDC4;SCYL1;C1D;TRIM37
ELF1-17652178,5,133,0.014245014245014245,0.002741646224567624,0.011503368020446622,0.0033075707791905495,0.0,0.0,SF1;RNF167;UFC1;TMBIM4;C1D
AR-19668381,40,3519,0.11396011396011396,0.07254024860340953,0.04141986535670443,0.0034348485639783444,0.0,0.0,SCP2;KDR;FBXO9;CPT1A;TLN1;KALRN;RDH14;ARSG;TRAP1;CRADD;LRRC1;FARS2;PCMTD2;GYS2;LRRC44;CLDN10;ATPAF1;PMS1;MPP7;PLEKHA7;NUDT12;SLC30A6;CNO;TASP1;ZKSCAN1;DMXL1;ACO1;GPHN;PITPNC1;DHTKD1;NEO1;KLF12;MUT;C1D;HSD3B2;ASCC1;CABLES1;SBK1;TOMM70A;DOLPP1
MYB-21317192,15,923,0.042735042735042736,0.019026612520871556,0.02370843021417118,0.0035891923915326632,0.0,0.0,FBXO9;TMEM77;GBE1;SIPA1L1;1700034H14RIK;VAMP8;RAB1;METTL8;ABHD11;ZFP106;KLHDC4;ABHD14A;ZBTB44;SLC25A39;AQP11
LYL1-20887958,13,752,0.037037037037037035,0.015501638803570325,0.02153539823346671,0.003953186746773407,0.0,0.0,SEPHS2;PTTG1IP;ZRSR1;MTMR14;CEP68;VAMP8;MGAT1;NAGLU;PMPCB;2610019F03RIK;KMO;UBOX5;FAHD1
SOX2-18555785,10,497,0.02849002849002849,0.010245099049700068,0.018244929440328423,0.003983091725628743,0.0,0.0,1700034H14RIK;TMED4;2700038C09RIK;FAH;LYRM5;TOR1A;DALRD3;ZBTB44;RQCD1;AQP11
RCOR1-19997604,29,2378,0.08262108262108261,0.049019809940013606,0.03360127268106901,0.004893705624863657,0.0,0.0,FBXO8;TRIM23;TMEM77;4932432K03RIK;PKIG;GBE1;PCSK7;TFB1M;LRRC1;NME7;LRRC19;AGBL3;AKR7A5;PMPCB;CLCC1;LIFR;BRI3;CCDC16;GPHN;NEO1;KLF12;MUT;SLC25A16;4930432O21RIK;LRRC8A;TMEM30A;CABLES1;AQP11;A230062G08RIK
POU5F1-16518401,21,1550,0.05982905982905983,0.031951516150976064,0.027877543678083767,0.005200032981891927,0.0,0.0,IPP;CDK5RAP1;FBXO9;CPT1A;ZFYVE20;CRADD;FZD5;SFXN5;SIPA1L1;EXOSC4;SAT2;2610019F03RIK;LIFR;ZFP106;4732435N03RIK;BRI3;GLO1;PGM2;ATP6V1B2;RBKS;ASCC1
GATA2-19941826,29,2410,0.08262108262108261,0.049679454144420855,0.03294162847666176,0.005845976529279378,0.0,0.0,CDK5RAP1;TLN1;INTU;MYNN;PTTG1IP;TRAP1;LASS2;PCSK7;MRPL35;FARS2;NME7;VWCE;SIAE;MDH1;PLEKHA7;FKBPL;UBE2E1;FECH;CNO;IFT122;PITPNC1;ARHGEF12;CAT;C1D;EI24;RILP;FAHD1;KLF1;CHPT1
ELK1-19687146,14,917,0.039886039886039885,0.018902929232545197,0.020983110653494688,0.008075790332884171,0.0,0.0,OSGEPL1;FBXO3;SF1;CRADD;TFB1M;NSUN3;PRPF18;UFC1;MGAT1;NUDT12;KMO;ANKRD42;VPS13B;C1D
ELF1-20517297,15,1020,0.042735042735042736,0.021026159015481025,0.02170888371956171,0.008575715388991509,0.0,0.0,SCP2;SEPHS2;TRIM23;IAH1;ZFYVE20;WDR34;VWCE;MGAT1;METTL7A;SAT2;NAGLU;LRRC56;UBOX5;PEX1;LRRC8A
RARG-19884340,8,390,0.022792022792022793,0.008039413741213332,0.01475260905080946,0.008580186081518558,0.0,0.0,NUDT6;PTTG1IP;LASS2;CNTD1;PLSCR2;ATXN2;PITPNC1;RILP
RUNX1-20887958,16,1120,0.045584045584045586,0.023087547154253676,0.02249649842979191,0.00873444197283201,0.0,0.0,SEPHS2;FBXO9;PTTG1IP;CRADD;PARP16;LASS2;CDAN1;TCN2;PKIG;MTMR14;CEP68;VAMP8;NAGLU;4932438A13RIK;GAL3ST2;TMBIM4
EOMES-21245162,14,932,0.039886039886039885,0.019212137453361092,0.020673902432678793,0.00920284978712072,0.0,0.0,CISD1;ZDHHC5;COQ10A;TLCD1;PLEKHA7;SAT2;NAGLU;KLHDC4;PITPNC1;DHTKD1;NEO1;KLF12;ALDH1A3;SRR
NR1I2-20693526,14,939,0.039886039886039885,0.01935643462307518,0.020529605262964705,0.00976958312297067,0.0,0.0,SCP2;WBSCR18;A930041I02RIK;CRADD;ADK;FARS2;SIPA1L1;ZFP148;LIFR;SMO;PROZ;A530050D06RIK;PITPNC1;GORASP1
BMI1-19503595,11,661,0.03133903133903134,0.013625775597287212,0.01771325574174413,0.010018633804985445,0.0,0.0,SEPHS2;CPT1A;WDR42A;ESM1;EXOSC4;FAH;ZFP106;H2AFJ;CAT;DDT;RILP
SALL4-18804426_ESC,15,1065,0.042735042735042736,0.021953783677928718,0.020781259057114018,0.012265357497716399,0.0,0.0,D4BWG0951E;B3BP;TMEM77;TLN1;FBXL3;LYPLA1;4933403G14RIK;ZFAND1;PMPCB;CACNB4;CREBL2;ATXN2;GYK;NEO1;MTFR1
NANOG-16153702,21,1686,0.05982905982905983,0.03475500401970687,0.025074055809352964,0.012544136965651044,0.0,0.0,KDR;CPT1A;STXBP2;PKIG;VLDLR;ESM1;NSUN3;NME7;PSMB1;MDH1;SAT2;ABHD11;DMXL1;ZCCHC3;MOBKL2B;H2AFJ;PEX1;MAT2B;NFS1;CABLES1;RQCD1
SMAD1-18555785,10,610,0.02849002849002849,0.012574467646513161,0.01591556084351533,0.015060249847840004,0.0,0.0,WDR20A;ZFYVE20;THTPA;ORC5L;SAT2;LIFR;MRPL9;SCYL1;SLC25A16;ASCC1
EP300-21415370,14,1014,0.039886039886039885,0.020902475727154667,0.01898356415888522,0.017718691640473027,0.0,0.0,RDH14;TRAP1;ADK;VLDLR;SIPA1L1;4933403G14RIK;ANXA13;LIFR;TASP1;KLHDC4;IFT122;PGM2;MUT;D630023B12RIK
TP53-16413492,8,449,0.022792022792022793,0.009255632743089196,0.013536390048933597,0.01831566736526444,0.0,0.0,SIPA1L1;SPTLC1;MIPOL1;KLHDC4;USP34;GPHN;NEO1;TMEM30A
SMAD3-21741376,18,1460,0.05128205128205128,0.030096266826080683,0.021185784455970597,0.021770342900149866,0.0,0.0,CISD1;ZC3H12C;TMEM86A;FBXL3;VLDLR;SIPA1L1;ATPAF1;PMS1;MDH1;PLEKHA7;NR3C1;LIFR;KMO;ARHGAP18;AP4S1;C1D;ATP6V1B2;MAT2B
STAT3-19079543,13,948,0.037037037037037035,0.019541959555564717,0.017495077481472318,0.022875193988544103,0.0,0.0,SCP2;HOXA7;TMEM86A;ZFP11;PLEKHA7;ORC5L;NUDT12;4732435N03RIK;GLO1;DNAJC18;ZFP787;RILP;CABLES1
STAT1-20625510,10,656,0.02849002849002849,0.013522706190348581,0.01496732229967991,0.023343303469182564,0.0,0.0,MCAT;PKIG;TMEM186;SPTLC1;MDH1;ZFAND1;LIFR;IFT122;ACO1;SLC25A16
PAX3-FKHR-20663909,14,1063,0.039886039886039885,0.021912555915153266,0.01797348397088662,0.025103778100519517,0.0,0.0,KDR;INTU;GBE1;VLDLR;SIPA1L1;NSUN3;CD55;NUDT12;LRRC61;FGFR4;GPHN;ALDH1A3;NSMCE4A;CABLES1
SOX2-19030024,12,863,0.03418803418803419,0.017789779637607965,0.016398254550426226,0.025666991382742272,0.0,0.0,MYNN;FZD5;1700023B02RIK;FAH;LYRM5;YARS2;ABHD11;2010309E21RIK;C1D;MAT2B;RILP;TNFSF5IP1
TFEB-21752829,11,808,0.03133903133903134,0.016656016161283007,0.014683015177748334,0.03611238388893048,0.0,0.0,OSGEPL1;RFESD;ARSK;SLC33A1;GBE1;YARS2;NAGLU;SMYD4;TIMM44;TMEM30A;FAHD1
SCL-21571218,20,1784,0.05698005698005698,0.036775164395704066,0.020204892584352915,0.03802439737706627,0.0,0.0,ZC3H12C;STXBP2;PTTG1IP;KALRN;PKIG;THTPA;MED14;CLDN10;NME7;ATPAF1;EXOSC4;MPP7;ABHD11;FECH;CNO;PITPNC1;ARHGEF12;TRPC2;RILP;RWDD3
TP53-18474530,11,827,0.03133903133903134,0.017047679907649813,0.014291351431381528,0.04141965898332081,0.0,0.0,KALRN;ITFG1;VWCE;PSMB1;FAH;MPP7;TM7SF3;NR3C1;LIFR;TMEM30A;GSTZ1
GATA2-21666600,11,837,0.03133903133903134,0.017253818721527075,0.014085212617504266,0.0444197247216448,0.0,0.0,RFESD;INTU;HPN;AFAP1L1;PKIG;VLDLR;PLSCR2;DHRS1;NR3C1;HIBCH;LRRC8A
PPARG-20176806,11,837,0.03133903133903134,0.017253818721527075,0.014085212617504266,0.0444197247216448,0.0,0.0,IPP;CPT1A;CRADD;5730403B10RIK;NPY;MGAT1;METTL8;GPR155;ARHGAP18;AP4S1;CHPT1
STAT4-19710469,21,1939,0.05982905982905983,0.03997031601080167,0.01985874381825816,0.04607666945102519,0.0,0.0,SEPHS2;4732466D17RIK;FARS2;ESM1;RIOK2;PRPF18;UFC1;MGAT1;2410018G20RIK;3110057O12RIK;ABHD11;ANXA13;KMO;ENY2;NDUFV1;TOR1A;ACBD4;POLI;C1D;RBKS;TMEM30A
SOX2-16153702,15,1278,0.042735042735042736,0.026344540413514462,0.016390502321528274,0.04857091952659507,0.0,0.0,KDR;CPT1A;STXBP2;MYNN;NSUN3;NME7;PSMB1;ABHD11;UBOX5;ZCCHC3;H2AFJ;MAT2B;CABLES1;TNFSF5IP1;RQCD1
TCF3-18467660,16,1388,0.045584045584045586,0.028612067366164375,0.016971978217881212,0.04857665841916231,0.0,0.0,D4BWG0951E;PRKACA;B3BP;SF1;FZD5;FBXL3;LYPLA1;4933403G14RIK;YARS2;NAGLU;ATXN2;SAC3D1;1810049H13RIK;MRPL9;NEO1;SBK1
E2F1-17053090,19,1726,0.05413105413105413,0.03557955927521593,0.0185514948558382,0.04914246119514022,0.0,0.0,ZC3H12C;SEPHS2;CRADD;ELL3;ALDH6A1;TLCD1;DHRS1;FAH;PSMC6;TM7SF3;NAGLU;SLC9A6;NAT9;NXT2;POLI;SYBL1;DDT;CABLES1;TRIM37
HOXD13-18407260,4,196,0.011396011396011397,0.004040320751994393,0.007355690644017004,0.056911801796279485,0.0,0.0,HOXA7;FBXO9;FBXL3;NAP1L1
CRX-20693478,9,668,0.02564102564102564,0.013770072767001299,0.011870952874024341,0.05754840738978932,0.0,0.0,AFAP1L1;WDR42A;TCN2;UFC1;MDH1;2010309E21RIK;DNAJC18;MRPL9;RPS6KB1
ZFP281-18358816,8,578,0.022792022792022793,0.011914823442105914,0.010877199349916879,0.0627473058110202,0.0,0.0,CDK5RAP1;TRIM23;ADH5;FZD5;WDR42A;NR3C1;RHBDD3;ABHD14A
RNF2-16625203,14,1219,0.039886039886039885,0.025128321411638597,0.014757718474401289,0.06370164294660156,0.0,0.0,OVOL1;A930041I02RIK;MYNN;CRADD;SLC33A1;4933407N01RIK;PHF7;NSUN3;NPY;UBE2E1;SMO;GPHN;9630013D21RIK;AQP11
TP53-20018659,13,1123,0.037037037037037035,0.023149388798416853,0.013887648238620182,0.06877460215872075,0.0,0.0,OVOL1;SLC33A1;FBXL3;RAB1;NPY;FECH;CNO;SAC3D1;PITPNC1;H2AFJ;EI24;GSTZ1;SBK1
GATA3-20176728,10,834,0.02849002849002849,0.017191977077363897,0.011298051412664593,0.0857525833050443,0.0,0.0,FBXO3;PRKACA;LRRC1;CNTD1;4933403G14RIK;PLEKHA7;FECH;CREBL2;NXT2;TNFSF5IP1
CHD7-19251738,3,141,0.008547008547008548,0.0029065572756694358,0.005640451271339112,0.08580451873624499,0.0,0.0,HOXA7;NFS1;RBM39
MYC-18940864,9,746,0.02564102564102564,0.015377955515243966,0.010263070125781674,0.09686067162262169,0.0,0.0,OXSM;INTU;TMEM86A;GBE1;VLDLR;ATPAF1;DNAJC19;POLI;AQP11
REST-18959480,27,2868,0.07692307692307693,0.059120611819999586,0.017802465103077342,0.1009458199990337,0.0,0.0,CDK5RAP1;CRADD;FBXL6;TMED4;CEP68;LYPLA1;NSUN3;WDR34;2610036D13RIK;WDR24;ORC5L;AKR7A5;UBE2E1;BRI3;CNO;TASP1;4632404H12RIK;DNAJC18;ACO1;2610528K11RIK;NEO1;1700123L14RIK;DALRD3;ATP6V1B2;1110003E01RIK;MAT2B;SBK1
NANOG-18700969,5,344,0.014245014245014245,0.007091175197377914,0.007153839047636331,0.10831984002840678,0.0,0.0,D4BWG0951E;CRADD;FZD5;VLDLR;BPNT1
SCL-19346495,4,252,0.011396011396011397,0.005194698109707077,0.00620131328630432,0.11385386873053294,0.0,0.0,AFAP1L1;CEP68;VAMP8;4732435N03RIK
MYBL1-21750041,3,161,0.008547008547008548,0.0033188349034239655,0.005228173643584582,0.11486404297673175,0.0,0.0,A930041I02RIK;CNTD1;LRRC61
E2F4-17652178,11,1002,0.03133903133903134,0.02065510915050195,0.010683922188529392,0.11628423039396187,0.0,0.0,ZDHHC5;FBXO8;ZFYVE20;LRRC1;UFC1;MDH1;SLC9A6;TIMM44;KLF12;VPS13B;MUT
TCF3-18692474,14,1351,0.039886039886039885,0.027849353754818496,0.01203668613122139,0.11786519982154438,0.0,0.0,D4BWG0951E;RPS6KA5;B3BP;TMEM77;FZD5;4933403G14RIK;ZFP148;ABHD11;SLC25A40;UBE2E1;TXNDC4;DMXL1;AQP11;CLEC2H
HTT-18923047,7,566,0.019943019943019943,0.011667456865453197,0.008275563077566746,0.12114435446095465,0.0,0.0,ZFYVE20;GYS2;ARHGAP18;MOBKL2B;ZFP655;RWDD3;GSTZ1
POU5F1-18700969,7,567,0.019943019943019943,0.011688070746840922,0.00825494919617902,0.12193573241936323,0.0,0.0,TLN1;PTTG1IP;FZD5;ZFAND1;GLO1;SRR;SBK1
DNAJC2-21179169,10,899,0.02849002849002849,0.018531879367566118,0.009958149122462373,0.12239237498640829,0.0,0.0,VLDLR;PCMTD2;VWCE;PLEKHA7;SMO;NDUFV1;FGFR4;POLI;GK5;GADD45GIP1
PHC1-16625203,10,922,0.02849002849002849,0.01900599863948383,0.00948402985054466,0.13714745716308357,0.0,0.0,OVOL1;PAICS;4933407N01RIK;NPY;POLRMT;SMO;ENY2;GPHN;9630013D21RIK;CABLES1
MYCN-21190229,5,373,0.014245014245014245,0.007688977757621983,0.006556036487392262,0.13793714711624025,0.0,0.0,LIPT1;ELL3;CLDN10;CACNB4;CHPT1
RNF2-18974828,13,1300,0.037037037037037035,0.026798045804044445,0.01023899123299259,0.15418346628821888,0.0,0.0,KDR;HOXA7;OVOL1;VLDLR;TMEM166;NPY;CLCC1;CACNB4;SMO;4732435N03RIK;SCYL1;ALDH1A3;CABLES1
EZH2-18974828,13,1300,0.037037037037037035,0.026798045804044445,0.01023899123299259,0.15418346628821888,0.0,0.0,KDR;HOXA7;OVOL1;VLDLR;TMEM166;NPY;CLCC1;CACNB4;SMO;4732435N03RIK;SCYL1;ALDH1A3;CABLES1
KLF4-18264089,2,102,0.005698005698005698,0.0021026159015481026,0.0035953897964575957,0.1719020080244622,0.0,0.0,4932432K03RIK;DNAJC19
KLF5-18264089,2,102,0.005698005698005698,0.0021026159015481026,0.0035953897964575957,0.1719020080244622,0.0,0.0,4932432K03RIK;DNAJC19
KLF2-18264089,2,102,0.005698005698005698,0.0021026159015481026,0.0035953897964575957,0.1719020080244622,0.0,0.0,4932432K03RIK;DNAJC19
CLOCK-20551151,5,407,0.014245014245014245,0.008389849724804683,0.0058551645202095624,0.17663312393393335,0.0,0.0,SF1;TMEM86A;BRI3;DALRD3;NAP1L1
SALL1-21062744,2,105,0.005698005698005698,0.002164457545711282,0.0035335481522944163,0.17958659086834416,0.0,0.0,A930041I02RIK;ACBD4
EP300-20729851,19,2093,0.05413105413105413,0.043144853744511553,0.010986200386542577,0.18748392768831829,0.0,0.0,D4BWG0951E;HOXA7;CPT1A;KALRN;AFAP1L1;GBE1;C330018D20RIK;NAGLU;PMPCB;FECH;GLO1;3110001I20RIK;ATXN2;ZCCHC3;MOBKL2B;USP34;PITPNC1;ARHGEF12;ALDH1A3
SPI1-20517297,12,1249,0.03418803418803419,0.02574673785327039,0.008441296334763801,0.19947984810607144,0.0,0.0,FBXO8;HOXA7;ZFYVE20;VWCE;NUPL2;POLRMT;SMO;ENY2;PGM2;TRPC2;GORASP1;DOLPP1
IRF8-21731497,4,319,0.011396011396011397,0.006575828162684752,0.004820183233326645,0.20381488076112278,0.0,0.0,TLN1;MYO6;MGAT1;ANKRD42
CDX2-19796622,4,334,0.011396011396011397,0.006885036383500649,0.004510975012510747,0.22629275608958077,0.0,0.0,HOXA7;ARHGAP18;MOBKL2B;ZBTB44
SMAD-19615063,2,124,0.005698005698005698,0.0025561212920780854,0.003141884405927613,0.22921599239604498,0.0,0.0,GPHN;KLF12
TCF4-18268006,5,470,0.014245014245014245,0.009688524252231453,0.004556489992782792,0.2571387014201204,0.0,0.0,OXSM;ZFYVE20;MRPL35;COL4A4;GAL3ST2
SMAD4-21741376,23,2738,0.06552706552706553,0.056440807239595145,0.00908625828747038,0.26124222520036355,0.0,0.0,CISD1;INTU;ARSG;TMEM86A;FBXL3;TFB1M;LRRC1;SIPA1L1;PLSCR2;ATPAF1;PMS1;MDH1;FAH;PLEKHA7;NR3C1;LIFR;KMO;ARHGAP18;FGFR4;PITPNC1;C1D;ATP6V1B2;MAT2B
NOTCH1-21737748,3,245,0.008547008547008548,0.0050504009399929915,0.0034966076070155564,0.26406520014673573,0.0,0.0,RFESD;NR3C1;TASP1
TRP63-18441228,2,143,0.005698005698005698,0.002947785038444889,0.0027502206595608094,0.27961547028550054,0.0,0.0,MYO6;SMO
SUZ12-20075857,35,4356,0.09971509971509972,0.08979406732493661,0.009921032390163106,0.283884594570679,0.0,0.0,ZC3H12C;KDR;HOXA7;FBXO9;OVOL1;TMEM80;MYNN;AFAP1L1;ADHFE1;FBXL3;SFXN5;VLDLR;LRRC1;VWCE;NPY;GPR155;PAIP1;NOTUM;TPMT;NR3C1;NAGLU;2610019F03RIK;UBE2E1;CACNB4;SMO;COL4A4;ABHD3;HYI;UBOX5;FGFR4;ALDH1A3;FAHD1;CABLES1;AQP11;CHPT1
POU5F1-16153702,6,622,0.017094017094017096,0.01282183422316588,0.004272182870851215,0.2981327533726004,0.0,0.0,KDR;HOXA7;CPT1A;H2AFJ;TMEM30A;CABLES1
STAT6-20620947,5,508,0.014245014245014245,0.01047185174496506,0.003773162500049186,0.30936048902552954,0.0,0.0,ADHFE1;TLCD1;MGAT1;KLF12;MAT2B
MTF2-20144788,24,2981,0.06837606837606838,0.06144998041681268,0.0069260879592557,0.32534410699887434,0.0,0.0,KDR;HOXA7;OVOL1;INTU;HPN;MYNN;AFAP1L1;ADHFE1;VLDLR;CLDN10;NPY;NOTUM;NR3C1;UBE2E1;CACNB4;SMO;COL4A4;ABHD3;FGFR4;2610528K11RIK;ALDH1A3;TMBIM4;CABLES1;CHPT1
RCOR2-21632747,4,401,0.011396011396011397,0.008266166436478324,0.0031298449595330725,0.3322933180112975,0.0,0.0,NSUN3;POLRMT;SMO;KLF12
SMAD4-19686287,4,405,0.011396011396011397,0.008348621962029231,0.0030473894339821655,0.338773881335232,0.0,0.0,MYO6;RAB11FIP2;CD55;MOBKL2B
CIITA-18437201,1,59,0.002849002849002849,0.0012162190018758631,0.001632783847126986,0.35132770617273335,0.0,0.0,GORASP1
ESR2-21235772,4,424,0.011396011396011397,0.008740285708396033,0.0026557256876153634,0.36958692094205026,0.0,0.0,CD55;IFT122;PITPNC1;CHPT1
GATA1-19941826,8,967,0.022792022792022793,0.01993362330193152,0.002858399490091274,0.4018601228528299,0.0,0.0,PTTG1IP;PCSK7;VWCE;PLEKHA7;FKBPL;CNO;KLF1;CHPT1
GLI1-17442700,1,73,0.002849002849002849,0.001504813341304034,0.001344189507698815,0.4136847051382831,0.0,0.0,MUT
WT1-19549856,2,199,0.005698005698005698,0.004102162396157572,0.001595843301848126,0.4240730950043681,0.0,0.0,NAT9;MAT2B
ETS2-20176728,2,215,0.005698005698005698,0.004431984498361197,0.0012660211996445014,0.462729111299712,0.0,0.0,AFMID;SFXN5
ESR1-20079471,2,216,0.005698005698005698,0.004452598379748923,0.0012454073182567756,0.4650947762023385,0.0,0.0,LASS2;CD55
CTNNB1-20615089,5,637,0.014245014245014245,0.013131042443981777,0.0011139718010324678,0.4901421920356261,0.0,0.0,TLN1;ALDH6A1;TMEM186;WDR24;GORASP1
ESR1-21235772,2,228,0.005698005698005698,0.004699964956401641,9.980407416040572E-4,0.4929939879893123,0.0,0.0,ZFP106;GPHN
VDR-20736230,2,230,0.005698005698005698,0.004741192719177094,9.568129788286046E-4,0.49755406735587354,0.0,0.0,ADHFE1;UBE2E1
GATA2-21571218,8,1111,0.022792022792022793,0.022902022221764136,-1.0999942974134272E-4,0.5545648813152048,0.0,0.0,ENTPD5;TMEM80;CLDN10;DHRS1;BRI3;ZCCHC3;GPHN;CHPT1
CDKN2AIP-20523734,1,123,0.002849002849002849,0.002535507410690359,3.1349543831249004E-4,0.591433050584638,0.0,0.0,FAH
EGR1-19032775,2,276,0.005698005698005698,0.005689431263012513,8.574434993185477E-6,0.5949272555088027,0.0,0.0,ADK;FAH
NOTCH1-17114293,1,134,0.002849002849002849,0.0027622601059553503,8.674274304749886E-5,0.6226619512068647,0.0,0.0,MDH1
SUZ12-18555785,7,1058,0.019943019943019943,0.021809486508214633,-0.0018664665651946903,0.6452954575895605,0.0,0.0,HOXA7;OVOL1;AFAP1L1;VLDLR;CACNB4;SMO;4732435N03RIK
ZNF274-21170338,2,327,0.005698005698005698,0.006740739213786564,-0.0010427335157808656,0.685612400669576,0.0,0.0,THTPA;SPTLC1
EED-16625203,5,830,0.014245014245014245,0.01710952155181299,-0.002864507306798745,0.7179735377120647,0.0,0.0,D4BWG0951E;OVOL1;FBXL3;4933407N01RIK;ABHD3
STAT3-20064451,14,2202,0.039886039886039885,0.04539176681577374,-0.005505726929733855,0.7252949875739086,0.0,0.0,WDR89;ZC3H12C;RPS6KA5;SEPHS2;4933403G14RIK;9030420J04RIK;RP23-195K8.6;NR3C1;2610019F03RIK;0610013E23RIK;4932438A13RIK;2610528K11RIK;RBM39;TMEM30A
TP63-19390658,1,179,0.002849002849002849,0.0036898847684030426,-8.408819194001935E-4,0.7274920224947414,0.0,0.0,PHF7
ZIC3-20872845,2,365,0.005698005698005698,0.007524066706520171,-0.0018260610085144725,0.7418296120736054,0.0,0.0,LRRC1;AQP11
SUZ12-18974828,12,1932,0.03418803418803419,0.039826018841087586,-0.005637984653053395,0.7430005680013512,0.0,0.0,KDR;HOXA7;OVOL1;VLDLR;TMEM166;NPY;CACNB4;SMO;COL4A4;4732435N03RIK;ALDH1A3;CABLES1
EWS-FLI1-20517297,3,574,0.008547008547008548,0.011832367916555009,-0.003285359369546461,0.785145642616753,0.0,0.0,MIPOL1;ANXA13;VPS13B
JARID2-20075857,7,1258,0.019943019943019943,0.02593226278575993,-0.005989242842739988,0.8055937761257249,0.0,0.0,HOXA7;OVOL1;FBXL3;ATPAF1;LIFR;CACNB4;ALDH1A3
SUZ12-16625203,7,1270,0.019943019943019943,0.026179629362412648,-0.006236609419392705,0.8131313158782492,0.0,0.0,OVOL1;4933407N01RIK;NPY;SMO;ABHD3;GPHN;9630013D21RIK
SUZ12-18692474,11,1909,0.03133903133903134,0.03935189956916988,-0.00801286823013854,0.8164214793384306,0.0,0.0,KDR;HOXA7;OVOL1;VLDLR;NPY;CACNB4;4732435N03RIK;COX15;ABHD3;ALDH1A3;CABLES1
MYCN-19997598,1,234,0.002849002849002849,0.004823648244728,-0.0019746453957251507,0.8170054165384978,0.0,0.0,GORASP1
JARID2-20064375,6,1117,0.017094017094017096,0.023025705510090495,-0.005931688416073399,0.8189887139862397,0.0,0.0,KDR;HOXA7;OVOL1;FBXL3;CACNB4;CABLES1
ERG-21242973,1,321,0.002849002849002849,0.006617055925460205,-0.003768053076457356,0.9026186561144424,0.0,0.0,ELL3
TRIM28-17542650,11,3568,0.03133903133903134,0.07355032879140813,-0.04221129745237679,0.9997541065508295,0.0,0.0,CRADD;TGDS;LASS2;ESM1;MGAT1;PMS1;LIFR;SMO;FN3K;KLF12;RWDD3
